[Licensing::Module] Trying to connect to existing licensing client channel...
[Licensing::IpcConnector] Successfully connected to the License Client on channel: "LicenseClient-Leo_s" at "2026-05-26T14:33:35.1075758Z"
[Licensing::Client] Error: Code 10 while verifying Licensing Client signature (process Id: 22584, path: "C:/Program Files/Unity Hub/UnityLicensingClient_V1/Unity.Licensing.Client.exe")
[Licensing::Module] Error: LicensingClient has failed validation; ignoring
[Licensing::Client] Handshaking with LicensingClient:
  Version:                 1.17.4+4293ba1
  Session Id:              63a51ef3523842638e5610a81cd6c05c
  Correlation Id:          cc459eae1a15ae96abd3852b7a124498
  External correlation Id: 2079995165699944520
  Machine Id:              z/FpXFC3pgDGT+qwqPKiCkJNpe8=
[Licensing::Module] Successfully connected to LicensingClient on channel: "LicenseClient-Leo_s" (connect: 0.00s, validation: 0.01s, handshake: 0.02s)
[Licensing::IpcConnector] Successfully connected to the License Notification on channel: "LicenseClient-Leo_s-notifications" at "2026-05-26T14:33:35.1390674Z"
[Licensing::Module] Error: Access token is unavailable; failed to update
[Licensing::Client] Successfully updated license
Built from '2023.2/staging' branch; Version is '2023.2.19f1 (95c298372b1e) revision 9814680'; Using compiler version '193431935'; Build Type 'Release'
OS: 'Windows 11  (10.0.26200) 64bit Professional' Language: 'pt' Physical Memory: 32468 MB
[Licensing::Client] Successfully resolved entitlements
[Licensing::Module] Serial number assigned to: "F4-KWDB-AWU3-UK2W-VSZV-XXXX"
BatchMode: 1, IsHumanControllingUs: 0, StartBugReporterOnCrash: 0, Is64bit: 1, IsPro: 0

COMMAND LINE ARGUMENTS:
C:\Program Files\Unity\Hub\Editor\2023.2.19f1\Editor\Unity.exe
-batchmode
-projectPath
C:\Users\Leo_s\Documents\Jogo
-executeMethod
AndroidBuildRunner.BuildAndRunConnectedDevice
-logFile
C:\Users\Leo_s\Documents\Jogo\Logs\AndroidBuild.log
Successfully changed project path to: C:\Users\Leo_s\Documents\Jogo
C:/Users/Leo_s/Documents/Jogo
[UnityMemory] Configuration Parameters - Can be set up in boot.config
    "memorysetup-bucket-allocator-granularity=16"
    "memorysetup-bucket-allocator-bucket-count=8"
    "memorysetup-bucket-allocator-block-size=33554432"
    "memorysetup-bucket-allocator-block-count=8"
    "memorysetup-main-allocator-block-size=16777216"
    "memorysetup-thread-allocator-block-size=16777216"
    "memorysetup-gfx-main-allocator-block-size=16777216"
    "memorysetup-gfx-thread-allocator-block-size=16777216"
    "memorysetup-cache-allocator-block-size=4194304"
    "memorysetup-typetree-allocator-block-size=2097152"
    "memorysetup-profiler-bucket-allocator-granularity=16"
    "memorysetup-profiler-bucket-allocator-bucket-count=8"
    "memorysetup-profiler-bucket-allocator-block-size=33554432"
    "memorysetup-profiler-bucket-allocator-block-count=8"
    "memorysetup-profiler-allocator-block-size=16777216"
    "memorysetup-profiler-editor-allocator-block-size=1048576"
    "memorysetup-temp-allocator-size-main=16777216"
    "memorysetup-job-temp-allocator-block-size=2097152"
    "memorysetup-job-temp-allocator-block-size-background=1048576"
    "memorysetup-job-temp-allocator-reduction-small-platforms=262144"
    "memorysetup-allocator-temp-initial-block-size-main=262144"
    "memorysetup-allocator-temp-initial-block-size-worker=262144"
    "memorysetup-temp-allocator-size-background-worker=32768"
    "memorysetup-temp-allocator-size-job-worker=262144"
    "memorysetup-temp-allocator-size-preload-manager=33554432"
    "memorysetup-temp-allocator-size-nav-mesh-worker=65536"
    "memorysetup-temp-allocator-size-audio-worker=65536"
    "memorysetup-temp-allocator-size-cloud-worker=32768"
    "memorysetup-temp-allocator-size-gi-baking-worker=262144"
    "memorysetup-temp-allocator-size-gi-baking-worker=262144"
    "memorysetup-temp-allocator-size-gi-baking-worker=262144"
    "memorysetup-temp-allocator-size-gi-baking-worker=262144"
    "memorysetup-temp-allocator-size-gfx=262144"
Player connection [9792] Host "[IP] 10.60.70.222 [Port] 55504 [Flags] 2 [Guid] 2220827545 [EditorId] 2220827545 [Version] 1048832 [Id] WindowsEditor(7,DESKTOP-MLSSFVR) [Debug] 1 [PackageName] WindowsEditor [ProjectName] Editor" joined multi-casting on [225.0.0.222:54997]...
Player connection [9792] Host "[IP] 10.60.70.222 [Port] 55504 [Flags] 2 [Guid] 2220827545 [EditorId] 2220827545 [Version] 1048832 [Id] WindowsEditor(7,DESKTOP-MLSSFVR) [Debug] 1 [PackageName] WindowsEditor [ProjectName] Editor" joined alternative multi-casting on [225.0.0.222:34997]...
[Physics::Module] Initialized MultithreadedJobDispatcher with 15 workers.
[Package Manager] Connected to IPC stream "Upm-27936" after 0.2 seconds.
Library Redirect Path: Library/
[Licensing::Client] Successfully resolved entitlements
[Package Manager] Restoring resolved packages state from cache
[Licensing::Client] Successfully resolved entitlement details
[Package Manager] Registered 53 packages:
  Packages from [https://packages.unity.com]:
    com.unity.ads@4.4.2 (location: C:\Users\Leo_s\Documents\Jogo\Library\PackageCache\com.unity.ads@4.4.2)
    com.unity.ai.navigation@2.0.0 (location: C:\Users\Leo_s\Documents\Jogo\Library\PackageCache\com.unity.ai.navigation@2.0.0)
    com.unity.analytics@3.8.1 (location: C:\Users\Leo_s\Documents\Jogo\Library\PackageCache\com.unity.analytics@3.8.1)
    com.unity.cinemachine@2.10.0 (location: C:\Users\Leo_s\Documents\Jogo\Library\PackageCache\com.unity.cinemachine@2.10.0)
    com.unity.collab-proxy@2.3.1 (location: C:\Users\Leo_s\Documents\Jogo\Library\PackageCache\com.unity.collab-proxy@2.3.1)
    com.unity.ext.nunit@2.0.5 (location: C:\Users\Leo_s\Documents\Jogo\Library\PackageCache\com.unity.ext.nunit@2.0.5)
    com.unity.ide.rider@3.0.28 (location: C:\Users\Leo_s\Documents\Jogo\Library\PackageCache\com.unity.ide.rider@3.0.28)
    com.unity.ide.visualstudio@2.0.22 (location: C:\Users\Leo_s\Documents\Jogo\Library\PackageCache\com.unity.ide.visualstudio@2.0.22)
    com.unity.ide.vscode@1.2.5 (location: C:\Users\Leo_s\Documents\Jogo\Library\PackageCache\com.unity.ide.vscode@1.2.5)
    com.unity.purchasing@4.11.0 (location: C:\Users\Leo_s\Documents\Jogo\Library\PackageCache\com.unity.purchasing@4.11.0)
    com.unity.test-framework@1.3.9 (location: C:\Users\Leo_s\Documents\Jogo\Library\PackageCache\com.unity.test-framework@1.3.9)
    com.unity.timeline@1.8.6 (location: C:\Users\Leo_s\Documents\Jogo\Library\PackageCache\com.unity.timeline@1.8.6)
    com.unity.services.core@1.12.4 (location: C:\Users\Leo_s\Documents\Jogo\Library\PackageCache\com.unity.services.core@1.12.4)
    com.unity.services.analytics@4.4.0 (location: C:\Users\Leo_s\Documents\Jogo\Library\PackageCache\com.unity.services.analytics@4.4.0)
    com.unity.nuget.newtonsoft-json@3.2.1 (location: C:\Users\Leo_s\Documents\Jogo\Library\PackageCache\com.unity.nuget.newtonsoft-json@3.2.1)
  Built-in packages:
    com.unity.2d.sprite@1.0.0 (location: C:\Users\Leo_s\Documents\Jogo\Library\PackageCache\com.unity.2d.sprite@1.0.0)
    com.unity.2d.tilemap@1.0.0 (location: C:\Users\Leo_s\Documents\Jogo\Library\PackageCache\com.unity.2d.tilemap@1.0.0)
    com.unity.modules.accessibility@1.0.0 (location: C:\Users\Leo_s\Documents\Jogo\Library\PackageCache\com.unity.modules.accessibility@1.0.0)
    com.unity.modules.ai@1.0.0 (location: C:\Users\Leo_s\Documents\Jogo\Library\PackageCache\com.unity.modules.ai@1.0.0)
    com.unity.modules.androidjni@1.0.0 (location: C:\Users\Leo_s\Documents\Jogo\Library\PackageCache\com.unity.modules.androidjni@1.0.0)
    com.unity.modules.animation@1.0.0 (location: C:\Users\Leo_s\Documents\Jogo\Library\PackageCache\com.unity.modules.animation@1.0.0)
    com.unity.modules.assetbundle@1.0.0 (location: C:\Users\Leo_s\Documents\Jogo\Library\PackageCache\com.unity.modules.assetbundle@1.0.0)
    com.unity.modules.audio@1.0.0 (location: C:\Users\Leo_s\Documents\Jogo\Library\PackageCache\com.unity.modules.audio@1.0.0)
    com.unity.modules.cloth@1.0.0 (location: C:\Users\Leo_s\Documents\Jogo\Library\PackageCache\com.unity.modules.cloth@1.0.0)
    com.unity.modules.director@1.0.0 (location: C:\Users\Leo_s\Documents\Jogo\Library\PackageCache\com.unity.modules.director@1.0.0)
    com.unity.modules.imageconversion@1.0.0 (location: C:\Users\Leo_s\Documents\Jogo\Library\PackageCache\com.unity.modules.imageconversion@1.0.0)
    com.unity.modules.imgui@1.0.0 (location: C:\Users\Leo_s\Documents\Jogo\Library\PackageCache\com.unity.modules.imgui@1.0.0)
    com.unity.modules.jsonserialize@1.0.0 (location: C:\Users\Leo_s\Documents\Jogo\Library\PackageCache\com.unity.modules.jsonserialize@1.0.0)
    com.unity.modules.particlesystem@1.0.0 (location: C:\Users\Leo_s\Documents\Jogo\Library\PackageCache\com.unity.modules.particlesystem@1.0.0)
    com.unity.modules.physics@1.0.0 (location: C:\Users\Leo_s\Documents\Jogo\Library\PackageCache\com.unity.modules.physics@1.0.0)
    com.unity.modules.physics2d@1.0.0 (location: C:\Users\Leo_s\Documents\Jogo\Library\PackageCache\com.unity.modules.physics2d@1.0.0)
    com.unity.modules.screencapture@1.0.0 (location: C:\Users\Leo_s\Documents\Jogo\Library\PackageCache\com.unity.modules.screencapture@1.0.0)
    com.unity.modules.terrain@1.0.0 (location: C:\Users\Leo_s\Documents\Jogo\Library\PackageCache\com.unity.modules.terrain@1.0.0)
    com.unity.modules.terrainphysics@1.0.0 (location: C:\Users\Leo_s\Documents\Jogo\Library\PackageCache\com.unity.modules.terrainphysics@1.0.0)
    com.unity.modules.tilemap@1.0.0 (location: C:\Users\Leo_s\Documents\Jogo\Library\PackageCache\com.unity.modules.tilemap@1.0.0)
    com.unity.modules.ui@1.0.0 (location: C:\Users\Leo_s\Documents\Jogo\Library\PackageCache\com.unity.modules.ui@1.0.0)
    com.unity.modules.uielements@1.0.0 (location: C:\Users\Leo_s\Documents\Jogo\Library\PackageCache\com.unity.modules.uielements@1.0.0)
    com.unity.modules.umbra@1.0.0 (location: C:\Users\Leo_s\Documents\Jogo\Library\PackageCache\com.unity.modules.umbra@1.0.0)
    com.unity.modules.unityanalytics@1.0.0 (location: C:\Users\Leo_s\Documents\Jogo\Library\PackageCache\com.unity.modules.unityanalytics@1.0.0)
    com.unity.modules.unitywebrequest@1.0.0 (location: C:\Users\Leo_s\Documents\Jogo\Library\PackageCache\com.unity.modules.unitywebrequest@1.0.0)
    com.unity.modules.unitywebrequestassetbundle@1.0.0 (location: C:\Users\Leo_s\Documents\Jogo\Library\PackageCache\com.unity.modules.unitywebrequestassetbundle@1.0.0)
    com.unity.modules.unitywebrequestaudio@1.0.0 (location: C:\Users\Leo_s\Documents\Jogo\Library\PackageCache\com.unity.modules.unitywebrequestaudio@1.0.0)
    com.unity.modules.unitywebrequesttexture@1.0.0 (location: C:\Users\Leo_s\Documents\Jogo\Library\PackageCache\com.unity.modules.unitywebrequesttexture@1.0.0)
    com.unity.modules.unitywebrequestwww@1.0.0 (location: C:\Users\Leo_s\Documents\Jogo\Library\PackageCache\com.unity.modules.unitywebrequestwww@1.0.0)
    com.unity.modules.vehicles@1.0.0 (location: C:\Users\Leo_s\Documents\Jogo\Library\PackageCache\com.unity.modules.vehicles@1.0.0)
    com.unity.modules.video@1.0.0 (location: C:\Users\Leo_s\Documents\Jogo\Library\PackageCache\com.unity.modules.video@1.0.0)
    com.unity.modules.vr@1.0.0 (location: C:\Users\Leo_s\Documents\Jogo\Library\PackageCache\com.unity.modules.vr@1.0.0)
    com.unity.modules.wind@1.0.0 (location: C:\Users\Leo_s\Documents\Jogo\Library\PackageCache\com.unity.modules.wind@1.0.0)
    com.unity.modules.xr@1.0.0 (location: C:\Users\Leo_s\Documents\Jogo\Library\PackageCache\com.unity.modules.xr@1.0.0)
    com.unity.modules.subsystems@1.0.0 (location: C:\Users\Leo_s\Documents\Jogo\Library\PackageCache\com.unity.modules.subsystems@1.0.0)
    com.unity.modules.hierarchycore@1.0.0 (location: C:\Users\Leo_s\Documents\Jogo\Library\PackageCache\com.unity.modules.hierarchycore@1.0.0)
    com.unity.ugui@2.0.0 (location: C:\Users\Leo_s\Documents\Jogo\Library\PackageCache\com.unity.ugui@2.0.0)
  Git packages:
    com.unity.2d.tilemap.extras@https://github.com/Unity-Technologies/2d-extras.git#master (location: C:\Users\Leo_s\Documents\Jogo\Library\PackageCache\com.unity.2d.tilemap.extras@249b0d4c04)
[Package Manager] com.unity.ide.vscode is deprecated: Visual Studio Code package is not supported anymore. You can continue to use it, but we won't provide any update anymore.
[Subsystems] No new subsystems found in resolved package list.
Package Manager log level set to [2]
[Package Manager] Done registering packages in 0.62 seconds
[Licensing::Client] Successfully resolved entitlements
Refreshing native plugins compatible for Editor in 2.73 ms, found 2 plugins.
Preloading 0 native plugins for Editor in 0.00 ms.
Initialize engine version: 2023.2.19f1 (95c298372b1e)
[Subsystems] Discovering subsystems at path C:/Program Files/Unity/Hub/Editor/2023.2.19f1/Editor/Data/Resources/UnitySubsystems
[Subsystems] Discovering subsystems at path C:/Users/Leo_s/Documents/Jogo/Assets
GfxDevice: creating device client; kGfxThreadingModeNonThreaded
Direct3D:
    Version:  Direct3D 11.0 [level 11.1]
    Renderer: NVIDIA GeForce RTX 5050 Laptop GPU (ID=0x2d98)
    Vendor:   NVIDIA
    VRAM:     7822 MB
    Driver:   32.0.15.8195
[Licensing::Client] Successfully resolved entitlements
Initialize mono
Mono path[0] = 'C:/Program Files/Unity/Hub/Editor/2023.2.19f1/Editor/Data/Managed'
Mono path[1] = 'C:/Program Files/Unity/Hub/Editor/2023.2.19f1/Editor/Data/MonoBleedingEdge/lib/mono/unityjit-win32'
Mono config path = 'C:/Program Files/Unity/Hub/Editor/2023.2.19f1/Editor/Data/MonoBleedingEdge/etc'
Using monoOptions --debugger-agent=transport=dt_socket,embedding=1,server=y,suspend=n,address=127.0.0.1:56936
Using cacheserver namespaces - metadata:defaultmetadata, artifacts:defaultartifacts
Using cacheserver namespaces - metadata:defaultmetadata, artifacts:defaultartifacts
ImportWorker Server TCP listen port: 0
AcceleratorClientConnectionCallback - disconnected - :0
Begin MonoManager ReloadAssembly
Registering precompiled unity dll's ...
Register platform support module: C:/Program Files/Unity/Hub/Editor/2023.2.19f1/Editor/Data/PlaybackEngines/WindowsStandaloneSupport/UnityEditor.WindowsStandalone.Extensions.dll
Register platform support module: C:/Program Files/Unity/Hub/Editor/2023.2.19f1/Editor/Data/PlaybackEngines/AndroidPlayer/UnityEditor.Android.Extensions.dll
Registered in 0.002233 seconds.
- Loaded All Assemblies, in  0.266 seconds
Native extension for Android target not found
Multiple ADB server instances found, the following ADB server instance have been terminated due to being run from another SDK. Process paths: 
C:\Program Files\Unity\Hub\Editor\2023.2.19f1\Editor\Data\PlaybackEngines\AndroidPlayer\SDK\platform-tools\adb.exe
Reconnecting Device: 
RQ8RB09CM6D           
UnityEngine.Debug:ExtractStackTraceNoAlloc (byte*,int,string)
UnityEngine.StackTraceUtility:ExtractStackTrace ()
UnityEngine.DebugLogHandler:Internal_Log (UnityEngine.LogType,UnityEngine.LogOption,string,UnityEngine.Object)
UnityEngine.DebugLogHandler:LogFormat (UnityEngine.LogType,UnityEngine.Object,string,object[])
UnityEngine.Logger:Log (UnityEngine.LogType,object)
UnityEngine.Debug:Log (object)
UnityEditor.Android.AndroidDeploymentTargetsExtension:GetKnownTargets (UnityEditor.DeploymentTargets.IDeploymentTargetsMainThreadContext,UnityEditor.ProgressHandler)
UnityEditor.Android.TargetScanWorker:ScanSync ()
UnityEditor.Android.TargetExtension:OnUsbDevicesChanged (UnityEditor.Hardware.UsbDevice[])
UnityEditor.Android.TargetExtension:OnLoad ()
UnityEditor.Modules.ModuleManager:InitializePlatformSupportModules ()

Android Extension - Scanning For ADB Devices 9566 ms
Native extension for WindowsStandalone target not found
Mono: successfully reloaded assembly
- Finished resetting the current domain, in  9.804 seconds
Domain Reload Profiling: 10069ms
	BeginReloadAssembly (80ms)
		ExecutionOrderSort (0ms)
		DisableScriptedObjects (0ms)
		BackupInstance (0ms)
		ReleaseScriptingObjects (0ms)
		CreateAndSetChildDomain (1ms)
	RebuildCommonClasses (24ms)
	RebuildNativeTypeToScriptingClass (9ms)
	initialDomainReloadingComplete (35ms)
	LoadAllAssembliesAndSetupDomain (117ms)
		LoadAssemblies (79ms)
		RebuildTransferFunctionScriptingTraits (0ms)
		AnalyzeDomain (115ms)
			TypeCache.Refresh (114ms)
				TypeCache.ScanAssembly (104ms)
			BuildScriptInfoCaches (0ms)
			ResolveRequiredComponents (0ms)
	FinalizeReload (9805ms)
		ReleaseScriptCaches (0ms)
		RebuildScriptCaches (0ms)
		SetupLoadedEditorAssemblies (9772ms)
			LogAssemblyErrors (0ms)
			InitializePlatformSupportModulesInManaged (9640ms)
			SetLoadedEditorAssemblies (2ms)
			BeforeProcessingInitializeOnLoad (3ms)
			ProcessInitializeOnLoadAttributes (95ms)
			ProcessInitializeOnLoadMethodAttributes (31ms)
			AfterProcessingInitializeOnLoad (0ms)
			EditorAssembliesLoaded (0ms)
		ExecutionOrderSort2 (0ms)
		AwakeInstancesAfterBackupRestoration (0ms)
[Licensing::Client] Successfully resolved entitlements
[Licensing::Client] Successfully resolved entitlements
Application.AssetDatabase Initial Refresh Start
Starting: C:\Program Files\Unity\Hub\Editor\2023.2.19f1\Editor\Data\bee_backend.exe --dont-print-to-structured-log --ipc --defer-dag-verification --dagfile="Library/Bee/1300b0aE.dag" --continue-on-failure --profile="Library/Bee/backend1.traceevents" ScriptAssemblies
WorkingDir: C:/Users/Leo_s/Documents/Jogo
DisplayProgressbar: Compiling Scripts
ExitCode: 0 Duration: 0s113ms
*** Tundra build success (0.09 seconds), 0 items updated, 644 evaluated
AssetDatabase: script compilation time: 0.425214s
Begin MonoManager ReloadAssembly
- Loaded All Assemblies, in  0.556 seconds
Refreshing native plugins compatible for Editor in 2.99 ms, found 2 plugins.
Native extension for Android target not found
Native extension for WindowsStandalone target not found
Mono: successfully reloaded assembly
- Finished resetting the current domain, in  0.538 seconds
Domain Reload Profiling: 1092ms
	BeginReloadAssembly (272ms)
		ExecutionOrderSort (0ms)
		DisableScriptedObjects (9ms)
		BackupInstance (0ms)
		ReleaseScriptingObjects (0ms)
		CreateAndSetChildDomain (25ms)
	RebuildCommonClasses (25ms)
	RebuildNativeTypeToScriptingClass (9ms)
	initialDomainReloadingComplete (17ms)
	LoadAllAssembliesAndSetupDomain (231ms)
		LoadAssemblies (211ms)
		RebuildTransferFunctionScriptingTraits (0ms)
		AnalyzeDomain (89ms)
			TypeCache.Refresh (71ms)
				TypeCache.ScanAssembly (61ms)
			BuildScriptInfoCaches (14ms)
			ResolveRequiredComponents (3ms)
	FinalizeReload (538ms)
		ReleaseScriptCaches (0ms)
		RebuildScriptCaches (0ms)
		SetupLoadedEditorAssemblies (398ms)
			LogAssemblyErrors (0ms)
			InitializePlatformSupportModulesInManaged (16ms)
			SetLoadedEditorAssemblies (2ms)
			BeforeProcessingInitializeOnLoad (47ms)
			ProcessInitializeOnLoadAttributes (214ms)
			ProcessInitializeOnLoadMethodAttributes (117ms)
			AfterProcessingInitializeOnLoad (2ms)
			EditorAssembliesLoaded (0ms)
		ExecutionOrderSort2 (0ms)
		AwakeInstancesAfterBackupRestoration (7ms)
Asset Pipeline Refresh (id=257b04de3cf05344196f797272a3d7c6): Total: 1.751 seconds - Initiated by InitialRefreshV2(ForceSynchronousImport)
	Summary:
		Imports: total=0 (actual=0, local cache=0, cache server=0)
		Asset DB Process Time: managed=0 ms, native=716 ms
		Asset DB Callback time: managed=10 ms, native=0 ms
		Scripting: domain reloads=1, domain reload time=578 ms, compile time=427 ms, other=18 ms
		Project Asset Count: scripts=849, non-scripts=1405
		Asset File Changes: new=0, changed=0, moved=0, deleted=0
		Scan Filter Count: 0
	InvokeCustomDependenciesCallbacks: 0.001ms
	InvokePackagesCallback: 1.013ms
	ApplyChangesToAssetFolders: 0.262ms
	Scan: 48.955ms
	OnSourceAssetsModified: 0.002ms
	CategorizeAssetsWithTransientArtifact: 17.934ms
	ProcessAssetsWithTransientArtifactChanges: 28.080ms
	CategorizeAssets: 13.333ms
	ImportOutOfDateAssets: 548.811ms (120.222ms without children)
		CompileScripts: 426.980ms
		ReloadNativeAssets: 0.005ms
		UnloadImportedAssets: 1.045ms
		EnsureUptoDateAssetsAreRegisteredWithGuidPM: 0.308ms
		InitializingProgressBar: 0.000ms
		PostProcessAllAssetNotificationsAddChangedAssets: 0.000ms
		OnDemandSchedulerStart: 0.250ms
	PostProcessAllAssets: 10.280ms
	GatherAllCurrentPrimaryArtifactRevisions: 0.001ms
	UnloadStreamsBegin: 0.918ms
	PersistCurrentRevisions: 0.068ms
	UnloadStreamsEnd: 0.001ms
	GenerateScriptTypeHashes: 1.093ms
	Untracked: 1081.228ms

Application.AssetDatabase Initial Refresh End
Launched and connected shader compiler UnityShaderCompiler.exe after 0.01 seconds
Scanning for USB devices : 2.617ms
Initializing Unity extensions:
[Licensing::Client] Successfully resolved entitlements
[MODES] ModeService[none].Initialize
[MODES] ModeService[none].LoadModes
[MODES] Loading mode Default (0) for mode-current-id-TopDungeon
Unloading 6 Unused Serialized files (Serialized files now loaded: 0)
Unloading 2868 unused Assets / (1.7 MB). Loaded Objects now: 3471.
Memory consumption went from 133.5 MB to 131.8 MB.
Total: 12.532200 ms (FindLiveObjects: 0.220500 ms CreateObjectMapping: 0.120100 ms MarkObjects: 11.266500 ms  DeleteObjects: 0.923500 ms)

[ServicesCore]: To use Unity's dashboard services, you need to link your Unity project to a project ID. To do this, go to Project Settings to select your organization, select your project and then link a project ID. You also need to make sure your organization has access to the required products. Visit https://dashboard.unity3d.com to sign up.
UnityEngine.Debug:ExtractStackTraceNoAlloc (byte*,int,string)
UnityEngine.StackTraceUtility:ExtractStackTrace ()
UnityEngine.DebugLogHandler:Internal_Log (UnityEngine.LogType,UnityEngine.LogOption,string,UnityEngine.Object)
UnityEngine.DebugLogHandler:LogFormat (UnityEngine.LogType,UnityEngine.Object,string,object[])
UnityEngine.Logger:LogWarning (string,object)
Unity.Services.Core.Internal.CoreLogger:LogWarning (object) (at ./Library/PackageCache/com.unity.services.core@1.12.4/Runtime/Core.Internal/Logging/CoreLogger.cs:15)
Unity.Services.Core.Editor.ProjectUnlinkBuildWarning:OnPreprocessBuild (UnityEditor.Build.Reporting.BuildReport) (at ./Library/PackageCache/com.unity.services.core@1.12.4/Editor/Core/Build/ProjectUnlinkBuildWarning.cs:29)
UnityEditor.Build.BuildPipelineInterfaces/<>c__DisplayClass16_0:<OnBuildPreProcess>b__1 (UnityEditor.Build.IPreprocessBuildWithReport)
UnityEditor.Build.BuildPipelineInterfaces:InvokeCallbackInterfacesPair<UnityEditor.Build.IPreprocessBuild, UnityEditor.Build.IPreprocessBuildWithReport> (System.Collections.Generic.List`1<UnityEditor.Build.IPreprocessBuild>,System.Action`1<UnityEditor.Build.IPreprocessBuild>,System.Collections.Generic.List`1<UnityEditor.Build.IPreprocessBuildWithReport>,System.Action`1<UnityEditor.Build.IPreprocessBuildWithReport>,bool)
UnityEditor.Build.BuildPipelineInterfaces:OnBuildPreProcess (UnityEditor.Build.Reporting.BuildReport)
UnityEditor.BuildPipeline:BuildPlayerInternalNoCheck (string[],string,string,UnityEditor.BuildTargetGroup,UnityEditor.BuildTarget,int,UnityEditor.BuildOptions,string[],bool)
UnityEditor.BuildPipeline:BuildPlayerInternal (string[],string,string,UnityEditor.BuildTargetGroup,UnityEditor.BuildTarget,int,UnityEditor.BuildOptions,string[])
UnityEditor.BuildPipeline:BuildPlayer (string[],string,string,UnityEditor.BuildTargetGroup,UnityEditor.BuildTarget,int,UnityEditor.BuildOptions,string[])
UnityEditor.BuildPipeline:BuildPlayer (UnityEditor.BuildPlayerOptions)
AndroidBuildRunner:BuildAndRunConnectedDevice () (at Assets/Editor/AndroidBuildRunner.cs:43)

(Filename: ./Library/PackageCache/com.unity.services.core@1.12.4/Editor/Core/Build/ProjectUnlinkBuildWarning.cs Line: 29)

Start importing ProjectSettings/ProjectSettings.asset using Guid(00000000000000004000000000000000) (LibraryAssetImporter) -> (artifact id: '76b77be865bc6bb9bff1f0506f70ebbd') in 0.0082102 seconds
Start importing ProjectSettings/UnityConnectSettings.asset using Guid(0000000000000000a100000000000000) (LibraryAssetImporter) -> (artifact id: '37517c66c9199d1595e3d674fb3b4731') in 0.0028593 seconds
Start importing Assets/TextMesh Pro/Examples & Extras/Resources/Fonts & Materials/Bangers SDF.asset using Guid(125cb55b44b24c4393181402bc6200e6) (NativeFormatImporter) -> (artifact id: '822757c6d7e6798b8cc0b5dc4d1ddd2d') in 0.0034301 seconds
Start importing Assets/TextMesh Pro/Examples & Extras/Resources/Fonts & Materials/Anton SDF.asset using Guid(8a89fa14b10d46a99122fd4f73fca9a2) (NativeFormatImporter) -> (artifact id: 'e324e4298722cc9c64e26000f321f040') in 0.0017832 seconds
Start importing Assets/TextMesh Pro/Examples & Extras/Resources/Fonts & Materials/Electronic Highway Sign SDF.asset using Guid(dc36b3fdc14f47ebb36fd484a67e268a) (NativeFormatImporter) -> (artifact id: '7d7269abeb72285f8f84be48fa0af92e') in 0.0019604 seconds
Refreshing native plugins compatible for Editor in 3.46 ms, found 2 plugins.
Preloading 0 native plugins for Editor in 0.00 ms.
Asset Pipeline Refresh (id=ebcdc368c5bbe204fba45cc260ab2760): Total: 0.106 seconds - Initiated by StopAssetImportingV2(NoUpdateAssetOptions)
DisplayProgressbar: Checking prerequisites
You are making an Android IL2CPP build, but it does not have native 64-bit support.
It is recommended to enable ARM64 in Player Settings: Target Architecture in to natively support 64-bit devices.
UnityEngine.Debug:ExtractStackTraceNoAlloc (byte*,int,string)
UnityEngine.StackTraceUtility:ExtractStackTrace ()
UnityEngine.DebugLogHandler:Internal_Log (UnityEngine.LogType,UnityEngine.LogOption,string,UnityEngine.Object)
UnityEngine.DebugLogHandler:LogFormat (UnityEngine.LogType,UnityEngine.Object,string,object[])
UnityEngine.Logger:Log (UnityEngine.LogType,object)
UnityEngine.Debug:LogWarning (object)
UnityEditor.Android.PostProcessor.Tasks.CheckPrerequisites:Execute (UnityEditor.Android.PostProcessor.PostProcessorContext)
UnityEditor.Android.PostProcessor.PostProcessRunner:RunAllTasks (UnityEditor.Android.PostProcessor.PostProcessorContext)
UnityEditor.Android.PostProcessAndroidPlayer:PrepareForBuild (UnityEditor.BuildOptions,UnityEditor.BuildTarget)
UnityEditor.Android.AndroidBuildPostprocessor:PrepareForBuild (UnityEditor.BuildPlayerOptions)
UnityEditor.PostprocessBuildPlayer:PrepareForBuild (UnityEditor.BuildPlayerOptions)
UnityEditor.BuildPipeline:BuildPlayerInternalNoCheck (string[],string,string,UnityEditor.BuildTargetGroup,UnityEditor.BuildTarget,int,UnityEditor.BuildOptions,string[],bool)
UnityEditor.BuildPipeline:BuildPlayerInternal (string[],string,string,UnityEditor.BuildTargetGroup,UnityEditor.BuildTarget,int,UnityEditor.BuildOptions,string[])
UnityEditor.BuildPipeline:BuildPlayer (string[],string,string,UnityEditor.BuildTargetGroup,UnityEditor.BuildTarget,int,UnityEditor.BuildOptions,string[])
UnityEditor.BuildPipeline:BuildPlayer (UnityEditor.BuildPlayerOptions)
AndroidBuildRunner:BuildAndRunConnectedDevice () (at Assets/Editor/AndroidBuildRunner.cs:43)

(Filename: Assets/Editor/AndroidBuildRunner.cs Line: 43)

Android PostProcess task "Checking prerequisites" took 6,3369 ms
DisplayProgressbar: Detect Java Development Kit (JDK)
Android PostProcess task "Detect Java Development Kit (JDK)" took 101,7882 ms
DisplayProgressbar: Detecting Android SDK
AndroidSDKTools:

	root          : C:\Users\Leo_s\AppData\Local\UnityEditors\2023.2.19f1\Editor\Data\PlaybackEngines\AndroidPlayer\SDK
	cmdline-tools : C:\Users\Leo_s\AppData\Local\UnityEditors\2023.2.19f1\Editor\Data\PlaybackEngines\AndroidPlayer\SDK\cmdline-tools\6.0
	platform-tools: C:\Users\Leo_s\AppData\Local\UnityEditors\2023.2.19f1\Editor\Data\PlaybackEngines\AndroidPlayer\SDK\platform-tools
	build-tools   : C:\Users\Leo_s\AppData\Local\UnityEditors\2023.2.19f1\Editor\Data\PlaybackEngines\AndroidPlayer\SDK\build-tools\32.0.0

	adb           : C:\Users\Leo_s\AppData\Local\UnityEditors\2023.2.19f1\Editor\Data\PlaybackEngines\AndroidPlayer\SDK\platform-tools\adb.exe

Android PostProcess task "Detecting Android SDK" took 2349,4298 ms
DisplayProgressbar: Detect Android NDK
Android PostProcess task "Detect Android NDK" took 0,9566 ms
DisplayProgressbar: Trying to find a suitable Android device
Android PostProcess task "Trying to find a suitable Android device" took 698,622 ms
DisplayProgressbar: Checking Graphics API compatibility
Android PostProcess task "Checking Graphics API compatibility" took 0,2161 ms
DisplayProgressbar: Check resources
Android PostProcess task "Check resources" took 0,1811 ms
DisplayProgressbar: Check Android Player Settings
Android PostProcess task "Check Android Player Settings" took 0,2472 ms
Starting: C:\Program Files\Unity\Hub\Editor\2023.2.19f1\Editor\Data\bee_backend.exe --dont-print-to-structured-log --ipc --defer-dag-verification --dagfile="Library/Bee/1300b0aESkipCompile.dag" --continue-on-failure --profile="Library/Bee/backend1.traceevents" ScriptAssembliesAndTypeDB
WorkingDir: C:/Users/Leo_s/Documents/Jogo
DisplayProgressbar: Compiling Scripts
ExitCode: 0 Duration: 0s494ms
[2/3        0s] BuildPlayerDataGenerator Library/BuildPlayerData/Editor/TypeDb-All.json
*** Tundra build success (0.48 seconds), 1 items updated, 3 evaluated
Asset Pipeline Refresh (id=21fae0379b2f2cf40ba0d4d29aad550e): Total: 0.007 seconds - Initiated by RefreshV2(NoUpdateAssetOptions)
[ScriptCompilation] Requested script compilation because: Recompiling scripts for player build.
BuildPlayer: start building target 13
Starting: C:\Program Files\Unity\Hub\Editor\2023.2.19f1\Editor\Data\bee_backend.exe --dont-print-to-structured-log --ipc --defer-dag-verification --dagfile="Library/Bee/1300b0aPDevDbg.dag" --continue-on-failure --profile="Library/Bee/backend1.traceevents" ScriptAssembliesAndTypeDB
WorkingDir: C:/Users/Leo_s/Documents/Jogo
ExitCode: 0 Duration: 4s819ms
[256/365    0s] CopyFiles Library/Bee/PlayerScriptAssemblies/Unity.Analytics.DataPrivacy.pdb
[257/365    0s] CopyFiles Library/Bee/PlayerScriptAssemblies/UnityEngine.UI.pdb
[259/365    0s] CopyFiles Library/Bee/PlayerScriptAssemblies/UnityEngine.Purchasing.WinRTCore.dll
[262/365    0s] CopyFiles Library/Bee/PlayerScriptAssemblies/UnityEngine.Purchasing.SecurityCore.dll
[265/365    0s] CopyFiles Library/Bee/PlayerScriptAssemblies/Unity.2D.Tilemap.Extras.pdb
[287/365    0s] CopyFiles Library/Bee/PlayerScriptAssemblies/Unity.2D.Tilemap.Extras.dll
[292/365    0s] CopyFiles Library/Bee/PlayerScriptAssemblies/UnityEngine.Advertisements.dll
[297/365    0s] CopyFiles Library/Bee/PlayerScriptAssemblies/Unity.TextMeshPro.dll
[298/365    0s] CopyFiles Library/Bee/PlayerScriptAssemblies/UnityEngine.Purchasing.WinRTCore.pdb
[301/365    0s] CopyFiles Library/Bee/PlayerScriptAssemblies/UnityEngine.UI.dll
[305/365    0s] CopyFiles Library/Bee/PlayerScriptAssemblies/Unity.AI.Navigation.dll
[307/365    0s] CopyFiles Library/Bee/PlayerScriptAssemblies/Unity.Analytics.DataPrivacy.dll
[308/365    0s] CopyFiles Library/Bee/PlayerScriptAssemblies/UnityEngine.Purchasing.WinRTStub.dll
[309/365    0s] CopyFiles Library/Bee/PlayerScriptAssemblies/Unity.Timeline.dll
[310/365    0s] CopyFiles Library/Bee/PlayerScriptAssemblies/Cinemachine.dll
[311/365    0s] CopyFiles Library/Bee/PlayerScriptAssemblies/UnityEngine.Purchasing.AppleCore.dll
[312/365    0s] CopyFiles Library/Bee/PlayerScriptAssemblies/Unity.Services.Core.Scheduler.dll
[313/365    0s] CopyFiles Library/Bee/PlayerScriptAssemblies/Unity.Services.Analytics.dll
[314/365    0s] CopyFiles Library/Bee/PlayerScriptAssemblies/Unity.Services.Core.Analytics.dll
[315/365    0s] CopyFiles Library/Bee/PlayerScriptAssemblies/UnityEngine.Purchasing.Security.dll
[316/365    0s] CopyFiles Library/Bee/PlayerScriptAssemblies/UnityEngine.Purchasing.Stores.dll
[317/365    0s] CopyFiles Library/Bee/PlayerScriptAssemblies/UnityEngine.Purchasing.AppleMacosStub.dll
[318/365    0s] CopyFiles Library/Bee/PlayerScriptAssemblies/Unity.Services.Core.dll
[319/365    0s] CopyFiles Library/Bee/PlayerScriptAssemblies/Unity.Services.Core.Networking.dll
[320/365    0s] CopyFiles Library/Bee/PlayerScriptAssemblies/UnityEngine.Purchasing.AppleStub.dll
[321/365    0s] CopyFiles Library/Bee/PlayerScriptAssemblies/Unity.Services.Core.Registration.dll
[322/365    0s] CopyFiles Library/Bee/PlayerScriptAssemblies/UnityEngine.Purchasing.Codeless.dll
[323/365    0s] CopyFiles Library/Bee/PlayerScriptAssemblies/Unity.Services.Core.Internal.dll
[324/365    0s] CopyFiles Library/Bee/PlayerScriptAssemblies/UnityEngine.Purchasing.dll
[325/365    0s] CopyFiles Library/Bee/PlayerScriptAssemblies/Unity.Services.Core.Environments.Internal.dll
[326/365    0s] CopyFiles Library/Bee/PlayerScriptAssemblies/Unity.Services.Core.Telemetry.dll
[327/365    0s] CopyFiles Library/Bee/PlayerScriptAssemblies/Unity.Services.Core.Configuration.dll
[328/365    0s] CopyFiles Library/Bee/PlayerScriptAssemblies/Unity.Services.Core.Device.dll
[329/365    0s] CopyFiles Library/Bee/PlayerScriptAssemblies/Unity.Services.Core.Threading.dll
[330/365    0s] CopyFiles Library/Bee/PlayerScriptAssemblies/Unity.Services.Core.Environments.dll
[331/365    0s] CopyFiles Library/Bee/PlayerScriptAssemblies/UnityEngine.Purchasing.Codeless.pdb
[332/365    0s] CopyFiles Library/Bee/PlayerScriptAssemblies/Purchasing.Common.dll
[333/365    0s] CopyFiles Library/Bee/PlayerScriptAssemblies/Unity.Services.Core.Networking.pdb
[334/365    0s] CopyFiles Library/Bee/PlayerScriptAssemblies/Unity.Services.Core.Environments.Internal.pdb
[335/365    0s] CopyFiles Library/Bee/PlayerScriptAssemblies/Unity.Services.Core.Registration.pdb
[336/365    0s] CopyFiles Library/Bee/PlayerScriptAssemblies/Unity.Services.Core.Analytics.pdb
[337/365    0s] CopyFiles Library/Bee/PlayerScriptAssemblies/Unity.Services.Core.Scheduler.pdb
[338/365    0s] CopyFiles Library/Bee/PlayerScriptAssemblies/UnityEngine.Purchasing.Stores.pdb
[339/365    0s] CopyFiles Library/Bee/PlayerScriptAssemblies/Unity.Services.Core.Telemetry.pdb
[340/365    0s] CopyFiles Library/Bee/PlayerScriptAssemblies/UnityEngine.Purchasing.AppleStub.pdb
[341/365    0s] CopyFiles Library/Bee/PlayerScriptAssemblies/Unity.Services.Core.Device.pdb
[342/365    0s] CopyFiles Library/Bee/PlayerScriptAssemblies/Unity.Services.Core.Configuration.pdb
[343/365    0s] CopyFiles Library/Bee/PlayerScriptAssemblies/UnityEngine.Purchasing.Security.pdb
[344/365    0s] CopyFiles Library/Bee/PlayerScriptAssemblies/UnityEngine.Purchasing.AppleMacosStub.pdb
[345/365    0s] CopyFiles Library/Bee/PlayerScriptAssemblies/UnityEngine.Purchasing.AppleCore.pdb
[346/365    0s] CopyFiles Library/Bee/PlayerScriptAssemblies/Unity.Services.Core.Threading.pdb
[347/365    0s] CopyFiles Library/Bee/PlayerScriptAssemblies/Unity.Services.Analytics.pdb
[348/365    0s] CopyFiles Library/Bee/PlayerScriptAssemblies/UnityEngine.Purchasing.pdb
[349/365    0s] CopyFiles Library/Bee/PlayerScriptAssemblies/Unity.Services.Core.Environments.pdb
[350/365    0s] CopyFiles Library/Bee/PlayerScriptAssemblies/Unity.Services.Core.Internal.pdb
[351/365    0s] CopyFiles Library/Bee/PlayerScriptAssemblies/Unity.Services.Core.pdb
[352/365    0s] CopyFiles Library/Bee/PlayerScriptAssemblies/Cinemachine.pdb
[353/365    0s] CopyFiles Library/Bee/PlayerScriptAssemblies/Purchasing.Common.pdb
[354/365    0s] CopyFiles Library/Bee/PlayerScriptAssemblies/UnityEngine.Purchasing.WinRTStub.pdb
[355/365    0s] CopyFiles Library/Bee/PlayerScriptAssemblies/Unity.Timeline.pdb
[356/365    0s] CopyFiles Library/Bee/PlayerScriptAssemblies/UnityEngine.Purchasing.SecurityCore.pdb
[357/365    0s] CopyFiles Library/Bee/PlayerScriptAssemblies/Unity.TextMeshPro.pdb
[358/365    0s] CopyFiles Library/Bee/PlayerScriptAssemblies/Unity.AI.Navigation.pdb
[359/365    0s] CopyFiles Library/Bee/PlayerScriptAssemblies/UnityEngine.Advertisements.pdb
[360/365    2s] Csc Library/Bee/artifacts/1300b0aPDevDbg.dag/Assembly-CSharp.dll (+2 others)
Assets\PinePie\Simple Joystick\Examples\demo script\MovementScript.cs(12,46): warning CS0618: 'Object.FindObjectsOfType<T>()' is obsolete: 'Object.FindObjectsOfType has been deprecated. Use Object.FindObjectsByType instead which lets you decide whether you need the results sorted or not.  FindObjectsOfType sorts the results by InstanceID but if you do not need this using FindObjectSortMode.None is considerably faster.'
[361/365    0s] CopyFiles Library/Bee/PlayerScriptAssemblies/Assembly-CSharp.pdb
[362/365    0s] CopyFiles Library/Bee/PlayerScriptAssemblies/Assembly-CSharp.dll
[364/365    0s] BuildPlayerDataGenerator Library/BuildPlayerData/Player/RuntimeInitializeOnLoads.json (+1 other)
*** Tundra build success (4.80 seconds), 68 items updated, 365 evaluated
Assets\PinePie\Simple Joystick\Examples\demo script\MovementScript.cs(12,46): warning CS0618: 'Object.FindObjectsOfType<T>()' is obsolete: 'Object.FindObjectsOfType has been deprecated. Use Object.FindObjectsByType instead which lets you decide whether you need the results sorted or not.  FindObjectsOfType sorts the results by InstanceID but if you do not need this using FindObjectSortMode.None is considerably faster.'
Not rebuilding Data files -- no changes


Mono dependencies included in the build
Dependency assembly - System.Web.Extensions.Design.dll
Dependency assembly - System.Web.RegularExpressions.dll
Dependency assembly - System.Linq.Expressions.dll
Dependency assembly - System.Security.dll
Dependency assembly - System.Net.HttpListener.dll
Dependency assembly - System.ServiceModel.dll
Dependency assembly - System.Linq.dll
Dependency assembly - System.Security.Cryptography.Encryption.ECDsa.dll
Dependency assembly - UnityEngine.Advertisements.dll
Dependency assembly - System.Security.Cryptography.Hashing.dll
Dependency assembly - System.ComponentModel.Composition.dll
Dependency assembly - System.Xml.Linq.dll
Dependency assembly - System.Runtime.Extensions.dll
Dependency assembly - Unity.Timeline.dll
Dependency assembly - System.Diagnostics.FileVersionInfo.dll
Dependency assembly - System.ComponentModel.TypeConverter.dll
Dependency assembly - System.dll
Dependency assembly - System.Core.dll
Dependency assembly - System.Net.WebHeaderCollection.dll
Dependency assembly - System.Net.Cache.dll
Dependency assembly - System.Json.dll
Dependency assembly - System.Web.Extensions.dll
Dependency assembly - System.Collections.dll
Dependency assembly - System.Console.dll
Dependency assembly - I18N.Rare.dll
Dependency assembly - System.Data.OracleClient.dll
Dependency assembly - System.Runtime.Serialization.Formatters.dll
Dependency assembly - System.Design.dll
Dependency assembly - System.ValueTuple.dll
Dependency assembly - System.Data.dll
Dependency assembly - UnityEngine.Purchasing.Security.dll
Dependency assembly - System.IO.UnmanagedMemoryStream.dll
Dependency assembly - System.Diagnostics.Tracing.dll
Dependency assembly - System.ServiceModel.Http.dll
Dependency assembly - System.Security.Cryptography.Pkcs.dll
Dependency assembly - System.Threading.ThreadPool.dll
Dependency assembly - Assembly-CSharp.dll
Dependency assembly - System.ComponentModel.Primitives.dll
Dependency assembly - System.Security.Cryptography.DeriveBytes.dll
Dependency assembly - System.Diagnostics.Debug.dll
Dependency assembly - System.Net.Primitives.dll
Dependency assembly - System.Data.Common.dll
Dependency assembly - System.Transactions.dll
Dependency assembly - System.Threading.Thread.dll
Dependency assembly - Unity.Services.Core.Configuration.dll
Dependency assembly - System.IO.Compression.FileSystem.dll
Dependency assembly - UnityEngine.Purchasing.WinRTCore.dll
Dependency assembly - System.Net.Utilities.dll
Dependency assembly - I18N.West.dll
Dependency assembly - System.ServiceModel.Security.dll
Dependency assembly - I18N.Other.dll
Dependency assembly - System.IO.FileSystem.Primitives.dll
Dependency assembly - System.Management.dll
Dependency assembly - System.Diagnostics.Contracts.dll
Dependency assembly - System.Web.dll
Dependency assembly - System.Security.Principal.dll
Dependency assembly - System.Text.Encoding.Extensions.dll
Dependency assembly - System.Resources.Writer.dll
Dependency assembly - System.Runtime.DurableInstancing.dll
Dependency assembly - System.Security.Cryptography.OpenSsl.dll
Dependency assembly - System.Drawing.Primitives.dll
Dependency assembly - System.Diagnostics.Tools.dll
Dependency assembly - I18N.CJK.dll
Dependency assembly - System.Net.AuthenticationManager.dll
Dependency assembly - System.Xml.XmlDocument.dll
Dependency assembly - System.Web.ApplicationServices.dll
Dependency assembly - System.Linq.Parallel.dll
Dependency assembly - System.Security.Cryptography.ProtectedData.dll
Dependency assembly - System.Configuration.Install.dll
Dependency assembly - Unity.Analytics.DataPrivacy.dll
Dependency assembly - System.Security.Cryptography.RandomNumberGenerator.dll
Dependency assembly - System.Diagnostics.TraceSource.dll
Dependency assembly - System.Windows.Forms.DataVisualization.dll
Dependency assembly - System.Security.Cryptography.Encryption.ECDiffieHellman.dll
Dependency assembly - System.Xml.XPath.XmlDocument.dll
Dependency assembly - System.Security.Cryptography.RSA.dll
Dependency assembly - System.Memory.dll
Dependency assembly - Cinemachine.dll
Dependency assembly - System.ComponentModel.DataAnnotations.dll
Dependency assembly - System.ServiceModel.Duplex.dll
Dependency assembly - System.IO.FileSystem.dll
Dependency assembly - Unity.Services.Core.Environments.dll
Dependency assembly - Unity.Services.Core.Registration.dll
Dependency assembly - System.Runtime.Handles.dll
Dependency assembly - System.IO.Compression.dll
Dependency assembly - System.IdentityModel.Selectors.dll
Dependency assembly - System.Xml.XPath.dll
Dependency assembly - System.Data.Services.Client.dll
Dependency assembly - Unity.Services.Core.Device.dll
Dependency assembly - System.ObjectModel.dll
Dependency assembly - System.Threading.Tasks.Extensions.dll
Dependency assembly - Accessibility.dll
Dependency assembly - UnityEngine.Purchasing.WinRTStub.dll
Dependency assembly - System.Data.Linq.dll
Dependency assembly - System.Threading.Tasks.dll
Dependency assembly - System.DirectoryServices.dll
Dependency assembly - System.Reflection.Emit.ILGeneration.dll
Dependency assembly - System.Web.DynamicData.dll
Dependency assembly - System.Runtime.InteropServices.dll
Dependency assembly - UnityEngine.Purchasing.Stores.dll
Dependency assembly - Unity.Services.Core.Internal.dll
Dependency assembly - System.ServiceProcess.ServiceController.dll
Dependency assembly - System.Net.NetworkInformation.dll
Dependency assembly - System.Resources.ResourceManager.dll
Dependency assembly - Unity.Services.Analytics.dll
Dependency assembly - System.Linq.Queryable.dll
Dependency assembly - System.Runtime.Serialization.Xml.dll
Dependency assembly - System.Text.Encoding.CodePages.dll
Dependency assembly - System.Security.Cryptography.Algorithms.dll
Dependency assembly - System.Collections.NonGeneric.dll
Dependency assembly - System.Data.Entity.dll
Dependency assembly - System.IO.FileSystem.DriveInfo.dll
Dependency assembly - UnityEngine.Purchasing.AppleMacosStub.dll
Dependency assembly - System.IO.Pipes.dll
Dependency assembly - System.Configuration.dll
Dependency assembly - System.ServiceModel.Web.dll
Dependency assembly - I18N.dll
Dependency assembly - System.Numerics.dll
Dependency assembly - System.Security.Cryptography.Cng.dll
Dependency assembly - System.Net.Mail.dll
Dependency assembly - System.Security.Claims.dll
Dependency assembly - System.Text.Encoding.dll
Dependency assembly - System.Security.Cryptography.Csp.dll
Dependency assembly - System.IO.FileSystem.AccessControl.dll
Dependency assembly - System.Xml.Serialization.dll
Dependency assembly - System.Xaml.dll
Dependency assembly - System.ComponentModel.EventBasedAsync.dll
Dependency assembly - System.Web.Services.dll
Dependency assembly - System.Runtime.Loader.dll
Dependency assembly - System.Resources.Reader.dll
Dependency assembly - System.ServiceModel.Activation.dll
Dependency assembly - System.ServiceModel.Internals.dll
Dependency assembly - System.Runtime.Caching.dll
Dependency assembly - mscorlib.dll
Dependency assembly - System.DirectoryServices.Protocols.dll
Dependency assembly - System.Data.DataSetExtensions.dll
Dependency assembly - System.IO.dll
Dependency assembly - System.Security.Cryptography.Encryption.dll
Dependency assembly - System.Threading.Tasks.Parallel.dll
Dependency assembly - Microsoft.Win32.Registry.AccessControl.dll
Dependency assembly - System.Reflection.Emit.dll
Dependency assembly - System.Net.Http.WebRequest.dll
Dependency assembly - System.Reflection.Primitives.dll
Dependency assembly - UnityEngine.UI.dll
Dependency assembly - System.Drawing.dll
Dependency assembly - Mono.Security.dll
Dependency assembly - Unity.Services.Core.Analytics.dll
Dependency assembly - System.Security.SecureString.dll
Dependency assembly - System.Numerics.Vectors.dll
Dependency assembly - System.Messaging.dll
Dependency assembly - System.Net.dll
Dependency assembly - System.Data.Services.dll
Dependency assembly - UnityEngine.Purchasing.AppleCore.dll
Dependency assembly - System.Xml.dll
Dependency assembly - System.ComponentModel.Annotations.dll
Dependency assembly - System.Security.Cryptography.Encryption.Aes.dll
Dependency assembly - Mono.Data.Tds.dll
Dependency assembly - System.Net.ServicePoint.dll
Dependency assembly - System.ServiceProcess.dll
Dependency assembly - System.Diagnostics.TextWriterTraceListener.dll
Dependency assembly - System.Runtime.Serialization.Json.dll
Dependency assembly - System.Reflection.DispatchProxy.dll
Dependency assembly - System.Data.SqlClient.dll
Dependency assembly - System.IO.Compression.ZipFile.dll
Dependency assembly - System.Net.WebSockets.Client.dll
Dependency assembly - System.Drawing.Design.dll
Dependency assembly - Unity.TextMeshPro.dll
Dependency assembly - System.Resources.ReaderWriter.dll
Dependency assembly - Purchasing.Common.dll
Dependency assembly - Unity.Services.Core.Networking.dll
Dependency assembly - System.Xml.XDocument.dll
Dependency assembly - I18N.MidEast.dll
Dependency assembly - System.Text.RegularExpressions.dll
Dependency assembly - System.IdentityModel.dll
Dependency assembly - System.Globalization.Calendars.dll
Dependency assembly - Unity.Services.Core.dll
Dependency assembly - System.AppContext.dll
Dependency assembly - System.Xml.XmlSerializer.dll
Dependency assembly - System.Collections.Specialized.dll
Dependency assembly - Unity.AI.Navigation.dll
Dependency assembly - System.Runtime.Serialization.dll
Dependency assembly - System.Runtime.InteropServices.WindowsRuntime.dll
Dependency assembly - System.Reflection.dll
Dependency assembly - System.Security.Principal.Windows.dll
Dependency assembly - System.Net.Requests.dll
Dependency assembly - netstandard.dll
Dependency assembly - System.ServiceModel.Primitives.dll
Dependency assembly - Unity.Services.Core.Scheduler.dll
Dependency assembly - System.Net.WebSockets.dll
Dependency assembly - Microsoft.Win32.Registry.dll
Dependency assembly - Unity.Services.Core.Threading.dll
Dependency assembly - System.IO.MemoryMappedFiles.dll
Dependency assembly - System.Diagnostics.TraceEvent.dll
Dependency assembly - Mono.Data.Sqlite.dll
Dependency assembly - System.ServiceModel.NetTcp.dll
Dependency assembly - System.Security.Cryptography.Encoding.dll
Dependency assembly - System.EnterpriseServices.dll
Dependency assembly - System.Reflection.Context.dll
Dependency assembly - System.Threading.AccessControl.dll
Dependency assembly - System.Runtime.dll
Dependency assembly - Unity.2D.Tilemap.Extras.dll
Dependency assembly - System.Collections.Concurrent.dll
Dependency assembly - System.Globalization.dll
Dependency assembly - System.IO.FileSystem.Watcher.dll
Dependency assembly - System.Threading.Overlapped.dll
Dependency assembly - System.Security.Cryptography.Primitives.dll
Dependency assembly - Microsoft.CSharp.dll
Dependency assembly - System.Runtime.Serialization.Formatters.Soap.dll
Dependency assembly - System.Net.Http.dll
Dependency assembly - UnityEngine.Purchasing.SecurityCore.dll
Dependency assembly - UnityEngine.Purchasing.Codeless.dll
Dependency assembly - Unity.Services.Core.Environments.Internal.dll
Dependency assembly - System.Xml.Xsl.Primitives.dll
Dependency assembly - System.ServiceModel.Discovery.dll
Dependency assembly - System.Runtime.InteropServices.RuntimeInformation.dll
Dependency assembly - System.ComponentModel.dll
Dependency assembly - System.Globalization.Extensions.dll
Dependency assembly - System.Reflection.TypeExtensions.dll
Dependency assembly - Unity.Services.Core.Telemetry.dll
Dependency assembly - System.Xml.XPath.XDocument.dll
Dependency assembly - Newtonsoft.Json.dll
Dependency assembly - System.IO.IsolatedStorage.dll
Dependency assembly - System.Diagnostics.StackTrace.dll
Dependency assembly - UnityEngine.Purchasing.AppleStub.dll
Dependency assembly - System.Xml.ReaderWriter.dll
Dependency assembly - System.Net.Ping.dll
Dependency assembly - System.Reflection.Emit.Lightweight.dll
Dependency assembly - UnityEngine.Purchasing.dll
Dependency assembly - System.Net.Security.dll
Dependency assembly - System.Net.NameResolution.dll
Dependency assembly - System.Runtime.Numerics.dll
Dependency assembly - System.Runtime.CompilerServices.VisualC.dll
Dependency assembly - System.Reflection.Extensions.dll
Dependency assembly - System.Diagnostics.Process.dll
Dependency assembly - System.Runtime.Serialization.Primitives.dll
Dependency assembly - System.Security.Cryptography.X509Certificates.dll
Dependency assembly - Microsoft.Win32.Primitives.dll
Dependency assembly - System.Threading.Timer.dll
Dependency assembly - System.Threading.dll
Dependency assembly - System.Security.AccessControl.dll
Dependency assembly - System.Buffers.dll
Dependency assembly - System.Runtime.Remoting.dll
Dependency assembly - System.Security.Cryptography.Hashing.Algorithms.dll
Dependency assembly - System.Windows.dll
Dependency assembly - System.ServiceModel.Routing.dll
Dependency assembly - System.Net.Sockets.dll
Dependency assembly - LitJson.dll
Dependency assembly - System.Windows.Forms.dll
Dependency assembly - System.Dynamic.Runtime.dll

DisplayProgressbar: Initializing
Android PostProcess task "Initializing" took 0,3505 ms
DisplayProgressbar: Check gradle project collisions
Android PostProcess task "Check gradle project collisions" took 0,1998 ms
DisplayProgressbar: Preparing banner
Android PostProcess task "Preparing banner" took 0,2935 ms
Starting: C:\Program Files\Unity\Hub\Editor\2023.2.19f1\Editor\Data\bee_backend.exe --dont-print-to-structured-log --ipc --dagfile="Library/Bee/Playerfbf8be7b.dag" --profile="Library/Bee/backend1.traceevents" Player
WorkingDir: C:/Users/Leo_s/Documents/Jogo
DisplayProgressbar: Incremental Player Build
ExitCode: 4 Duration: 23s
Starting: C:\Program Files\Unity\Hub\Editor\2023.2.19f1\Editor\Data\Tools\netcorerun\netcorerun.exe "C:\Program Files\Unity\Hub\Editor\2023.2.19f1\Editor\Data\PlaybackEngines\AndroidPlayer\AndroidPlayerBuildProgram.exe" "C:/Program Files/Unity/Hub/Editor/2023.2.19f1/Editor/Data/PlaybackEngines/AndroidPlayer/Bee;C:/Program Files/Unity/Hub/Editor/2023.2.19f1/Editor/Data/Tools/BuildPipeline" "Library/Bee/Playerfbf8be7b.dag.json" "Library/Bee/Playerfbf8be7b-inputdata.json" "Library\Bee\buildprogram0.traceevents"
WorkingDir: C:/Users/Leo_s/Documents/Jogo
ExitCode: 0 Duration: 0s463ms
Starting: C:\Program Files\Unity\Hub\Editor\2023.2.19f1\Editor\Data\bee_backend.exe --dont-print-to-structured-log --ipc --dagfile="Library/Bee/Playerfbf8be7b.dag" --dagfilejson="Library\Bee\Playerfbf8be7b.dag.json" --profile="Library/Bee/backend2.traceevents" Player
WorkingDir: C:/Users/Leo_s/Documents/Jogo
ExitCode: 0 Duration: 0s225ms
DisplayProgressbar: Calling IPostGenerateGradleAndroidProject callbacks
Calling IPostGenerateGradleAndroidProject callbacks on 'C:\Users\Leo_s\Documents\Jogo\Library\Bee\Android\Prj\IL2CPP\Gradle\unityLibrary':
Android PostProcess task "Calling IPostGenerateGradleAndroidProject callbacks" took 2,8014 ms
Android PostProcess task "Cloud Diagnostics Symbol Upload" took 0,3287 ms
DisplayProgressbar: Building Gradle project
Android PostProcess task "Building Gradle project" took 16415,5553 ms
DisplayProgressbar: Processing Mapping File
Android PostProcess task "Processing Mapping File" took 0,234 ms
DisplayProgressbar: Moving output package(s)
Android PostProcess task "Moving output package(s)" took 36,4853 ms
DisplayProgressbar: Appending additional symbols
Android PostProcess task "Appending additional symbols" took 0,2301 ms
DisplayProgressbar: Deploying Player
Application installed to device "RQ8RB09CM6D [SM-G780G]".
UnityEngine.Debug:ExtractStackTraceNoAlloc (byte*,int,string)
UnityEngine.StackTraceUtility:ExtractStackTrace ()
UnityEngine.DebugLogHandler:Internal_Log (UnityEngine.LogType,UnityEngine.LogOption,string,UnityEngine.Object)
UnityEngine.DebugLogHandler:LogFormat (UnityEngine.LogType,UnityEngine.Object,string,object[])
UnityEngine.Logger:Log (UnityEngine.LogType,object)
UnityEngine.Debug:Log (object)
UnityEditor.Android.AndroidDeploymentTargetsExtension:UploadAPK (UnityEditor.Android.AndroidBuildProperties,UnityEditor.Android.AndroidDevice,UnityEditor.Android.AndroidDeploymentTargetsExtension/LaunchProgressTaskManager)
UnityEditor.Android.AndroidDeploymentTargetsExtension/<>c__DisplayClass15_1:<LaunchBuildOnTarget>b__2 ()
UnityEditor.ProgressTaskManager:Run ()
UnityEditor.Android.AndroidDeploymentTargetsExtension:LaunchBuildOnTarget (UnityEditor.DeploymentTargets.IDeploymentTargetsMainThreadContext,UnityEditor.BuildProperties,UnityEditor.DeploymentTargets.DeploymentTargetId,UnityEditor.ProgressHandler)
UnityEditor.DeploymentTargets.DeploymentTargetManager:LaunchBuildOnTarget (UnityEditor.BuildProperties,UnityEditor.DeploymentTargets.DeploymentTargetId,UnityEditor.ProgressHandler)
UnityEditor.PostprocessBuildPlayer/<>c__DisplayClass16_1:<LaunchOnTargets>b__1 ()
UnityEditor.ProgressTaskManager:Run ()
UnityEditor.PostprocessBuildPlayer:LaunchOnTargets (UnityEditor.BuildTargetGroup,UnityEditor.BuildTarget,UnityEditor.Build.Reporting.BuildReport,System.Collections.Generic.List`1<UnityEditor.DeploymentTargets.DeploymentTargetId>)
UnityEditor.Android.PostProcessAndroidPlayer:Launch (UnityEditor.BuildTarget,string,UnityEditor.Build.Reporting.BuildReport)
UnityEditor.Android.AndroidBuildPostprocessor:LaunchPlayer (UnityEditor.Modules.BuildLaunchPlayerArgs)
UnityEditor.PostprocessBuildPlayer:Launch (UnityEditor.BuildTargetGroup,UnityEditor.BuildTarget,string,string,UnityEditor.BuildOptions,UnityEditor.Build.Reporting.BuildReport)
UnityEditor.BuildPipeline:BuildPlayerInternalNoCheck (string[],string,string,UnityEditor.BuildTargetGroup,UnityEditor.BuildTarget,int,UnityEditor.BuildOptions,string[],bool)
UnityEditor.BuildPipeline:BuildPlayerInternal (string[],string,string,UnityEditor.BuildTargetGroup,UnityEditor.BuildTarget,int,UnityEditor.BuildOptions,string[])
UnityEditor.BuildPipeline:BuildPlayer (string[],string,string,UnityEditor.BuildTargetGroup,UnityEditor.BuildTarget,int,UnityEditor.BuildOptions,string[])
UnityEditor.BuildPipeline:BuildPlayer (UnityEditor.BuildPlayerOptions)
AndroidBuildRunner:BuildAndRunConnectedDevice () (at Assets/Editor/AndroidBuildRunner.cs:43)

(Filename: Assets/Editor/AndroidBuildRunner.cs Line: 43)

Refreshing native plugins compatible for Editor in 2.63 ms, found 2 plugins.
Preloading 0 native plugins for Editor in 0.00 ms.

-------------------------------------------------------------------------------
Build Report
Information on used Assets is not available, since player data was not rebuilt.
Do a clean build to view the Asset build report information.
-------------------------------------------------------------------------------
[Licensing::Client] Successfully resolved entitlements
Unloading 17 Unused Serialized files (Serialized files now loaded: 0)
Unloading 83 unused Assets / (0.6 MB). Loaded Objects now: 3527.
Memory consumption went from 152.0 MB to 151.5 MB.
Total: 7.892200 ms (FindLiveObjects: 0.174600 ms CreateObjectMapping: 0.049400 ms MarkObjects: 7.338500 ms  DeleteObjects: 0.328400 ms)

DisplayProgressNotification: Build Successful
Build Finished, Result: Success.
##utp:{"type":"PlayerBuildInfo","version":2,"phase":"Immediate","time":1779806106119,"processId":27936,"steps":[{"description":"Preprocess Player","duration":71},{"description":"Prepare For Build","duration":3170},{"description":"ProducePlayerScriptAssemblies","duration":5513},{"description":"Verify Build setup","duration":106},{"description":"Prepare assets for target platform","duration":4},{"description":"Prepare splash screen","duration":1071},{"description":"Run script only build","duration":21},{"description":"Postprocess built player","duration":63589}],"duration":73545}
Unloading 0 Unused Serialized files (Serialized files now loaded: 0)
Loaded scene 'Temp/__Backupscenes/0.backup'
	Deserialize:            0.361 ms
	Integration:            5.301 ms
	Integration of assets:  0.002 ms
	Thread Wait Time:       0.037 ms
	Total Operation Time:   5.701 ms
Unloading 0 unused Assets / (384 B). Loaded Objects now: 3527.
Memory consumption went from 150.7 MB to 150.7 MB.
Total: 6.999600 ms (FindLiveObjects: 0.116900 ms CreateObjectMapping: 0.046600 ms MarkObjects: 6.827900 ms  DeleteObjects: 0.007200 ms)

Android build succeeded and AutoRunPlayer was requested. APK: C:\Users\Leo_s\Documents\Jogo\Builds\Android\TopDungeon.apk
UnityEngine.Debug:ExtractStackTraceNoAlloc (byte*,int,string)
UnityEngine.StackTraceUtility:ExtractStackTrace ()
UnityEngine.DebugLogHandler:Internal_Log (UnityEngine.LogType,UnityEngine.LogOption,string,UnityEngine.Object)
UnityEngine.DebugLogHandler:LogFormat (UnityEngine.LogType,UnityEngine.Object,string,object[])
UnityEngine.Logger:Log (UnityEngine.LogType,object)
UnityEngine.Debug:Log (object)
AndroidBuildRunner:BuildAndRunConnectedDevice () (at Assets/Editor/AndroidBuildRunner.cs:60)

(Filename: Assets/Editor/AndroidBuildRunner.cs Line: 60)

Clearing [Anton SDF] dynamic font asset data.
UnityEngine.Debug:ExtractStackTraceNoAlloc (byte*,int,string)
UnityEngine.StackTraceUtility:ExtractStackTrace ()
UnityEngine.DebugLogHandler:Internal_Log (UnityEngine.LogType,UnityEngine.LogOption,string,UnityEngine.Object)
UnityEngine.DebugLogHandler:LogFormat (UnityEngine.LogType,UnityEngine.Object,string,object[])
UnityEngine.Logger:Log (UnityEngine.LogType,object)
UnityEngine.Debug:Log (object)
TMPro.EditorEventCallbacks/<>c:<InitializeFontAssetResourceChangeCallBacks>b__0_0 () (at ./Library/PackageCache/com.unity.ugui@2.0.0/Editor/TMP/TMP_EditorResourceManager.cs:36)
UnityEditor.EditorApplication:Internal_EditorApplicationQuit ()
AndroidBuildRunner:BuildAndRunConnectedDevice () (at Assets/Editor/AndroidBuildRunner.cs:70)

(Filename: ./Library/PackageCache/com.unity.ugui@2.0.0/Editor/TMP/TMP_EditorResourceManager.cs Line: 36)

Clearing [Bangers SDF] dynamic font asset data.
UnityEngine.Debug:ExtractStackTraceNoAlloc (byte*,int,string)
UnityEngine.StackTraceUtility:ExtractStackTrace ()
UnityEngine.DebugLogHandler:Internal_Log (UnityEngine.LogType,UnityEngine.LogOption,string,UnityEngine.Object)
UnityEngine.DebugLogHandler:LogFormat (UnityEngine.LogType,UnityEngine.Object,string,object[])
UnityEngine.Logger:Log (UnityEngine.LogType,object)
UnityEngine.Debug:Log (object)
TMPro.EditorEventCallbacks/<>c:<InitializeFontAssetResourceChangeCallBacks>b__0_0 () (at ./Library/PackageCache/com.unity.ugui@2.0.0/Editor/TMP/TMP_EditorResourceManager.cs:36)
UnityEditor.EditorApplication:Internal_EditorApplicationQuit ()
AndroidBuildRunner:BuildAndRunConnectedDevice () (at Assets/Editor/AndroidBuildRunner.cs:70)

(Filename: ./Library/PackageCache/com.unity.ugui@2.0.0/Editor/TMP/TMP_EditorResourceManager.cs Line: 36)

Clearing [Electronic Highway Sign SDF] dynamic font asset data.
UnityEngine.Debug:ExtractStackTraceNoAlloc (byte*,int,string)
UnityEngine.StackTraceUtility:ExtractStackTrace ()
UnityEngine.DebugLogHandler:Internal_Log (UnityEngine.LogType,UnityEngine.LogOption,string,UnityEngine.Object)
UnityEngine.DebugLogHandler:LogFormat (UnityEngine.LogType,UnityEngine.Object,string,object[])
UnityEngine.Logger:Log (UnityEngine.LogType,object)
UnityEngine.Debug:Log (object)
TMPro.EditorEventCallbacks/<>c:<InitializeFontAssetResourceChangeCallBacks>b__0_0 () (at ./Library/PackageCache/com.unity.ugui@2.0.0/Editor/TMP/TMP_EditorResourceManager.cs:36)
UnityEditor.EditorApplication:Internal_EditorApplicationQuit ()
AndroidBuildRunner:BuildAndRunConnectedDevice () (at Assets/Editor/AndroidBuildRunner.cs:70)

(Filename: ./Library/PackageCache/com.unity.ugui@2.0.0/Editor/TMP/TMP_EditorResourceManager.cs Line: 36)

Killing ADB server in 0,0550679 seconds.
Start importing Assets/TextMesh Pro/Examples & Extras/Resources/Fonts & Materials/Bangers SDF.asset using Guid(125cb55b44b24c4393181402bc6200e6) (NativeFormatImporter) -> (artifact id: '822757c6d7e6798b8cc0b5dc4d1ddd2d') in 0.0022566 seconds
Start importing Assets/TextMesh Pro/Examples & Extras/Resources/Fonts & Materials/Anton SDF.asset using Guid(8a89fa14b10d46a99122fd4f73fca9a2) (NativeFormatImporter) -> (artifact id: 'e324e4298722cc9c64e26000f321f040') in 0.0016791 seconds
Start importing Assets/TextMesh Pro/Examples & Extras/Resources/Fonts & Materials/Electronic Highway Sign SDF.asset using Guid(dc36b3fdc14f47ebb36fd484a67e268a) (NativeFormatImporter) -> (artifact id: '7d7269abeb72285f8f84be48fa0af92e') in 0.0017575 seconds
Refreshing native plugins compatible for Editor in 2.72 ms, found 2 plugins.
Preloading 0 native plugins for Editor in 0.00 ms.
Asset Pipeline Refresh (id=edf74432583377a449985b76dd6bfafa): Total: 0.025 seconds - Initiated by StopAssetImportingV2(NoUpdateAssetOptions)
Setting up 4 worker threads for Enlighten.
[Licensing::IpcConnector] License Notification channel disconnected successfully.
[Licensing::IpcConnector] License Client channel disconnected successfully.
AcceleratorClientConnectionCallback - disconnected - :0
Cleanup mono
[Performance] WinEditorMain                                                                                                  :        1 samples, Peak.  1.96 s (1.0x), Avg.  1.96 s, Total. 1.962 s (2.1%)
[Performance] WinEditorMain.ConfigureCrashHandler                                                                            :        1 samples, Peak.  18.9 us (1.0x), Avg.  18.9 us, Total. 18.90 us (0.0%)
[Performance] WinEditorMain.CurlRequestInitialize                                                                            :        1 samples, Peak.   672 us (1.0x), Avg.   672 us, Total. 672.2 us (0.0%)
[Performance] WinEditorMain.SetupLogFile                                                                                     :        1 samples, Peak.   250 us (1.0x), Avg.   250 us, Total. 249.6 us (0.0%)
[Performance] WinEditorMain.RunNativeTestsIfRequiredAndExit                                                                  :        1 samples, Peak.   100 ns (1.0x), Avg.   100 ns, Total. 100.0 ns (0.0%)
[Performance] WinEditorMain.Licensing                                                                                        :        1 samples, Peak.  1.95 s (1.0x), Avg.  1.95 s, Total. 1.947 s (2.1%)
[Performance] WinEditorMain.InitializeCrashHandler                                                                           :        1 samples, Peak.  11.4 ms (1.0x), Avg.  11.4 ms, Total. 11.37 ms (0.0%)
[Performance] WinEditorMain.CreateApplication                                                                                :        1 samples, Peak.   192 us (1.0x), Avg.   192 us, Total. 192.3 us (0.0%)
[Performance] Application.InitializeProject                                                                                  :        1 samples, Peak.  14.7 s (1.0x), Avg.  14.7 s, Total. 14.72 s (15.9%)
[Performance] Application.PackageManager.StartServer                                                                         :        1 samples, Peak.  2.30 ms (1.0x), Avg.  2.30 ms, Total. 2.297 ms (0.0%)
[Performance] Application.AcquireProjectLock                                                                                 :        1 samples, Peak.  3.99 ms (1.0x), Avg.  3.99 ms, Total. 3.989 ms (0.0%)
[Performance] Application.InitializeEngineNoGraphics                                                                         :        1 samples, Peak.  42.0 ms (1.0x), Avg.  42.0 ms, Total. 41.95 ms (0.0%)
[Performance] Application.PackageManager.Initialize                                                                          :        1 samples, Peak.   240 ms (1.0x), Avg.   240 ms, Total. 240.1 ms (0.3%)
[Performance] Connecting to Package Manager                                                                                  :       25 samples, Peak.  52.7 us (15.1x), Avg.  3.50 us, Total. 87.50 us (0.0%)
[Performance] Application.EngineGraphics.Initialize                                                                          :        1 samples, Peak.  1.43 s (1.0x), Avg.  1.43 s, Total. 1.434 s (1.5%)
[Performance] Application.GI.Initialize                                                                                      :        1 samples, Peak.  1.78 ms (1.0x), Avg.  1.78 ms, Total. 1.785 ms (0.0%)
[Performance] Application.LoadAllDefaultResourcesFromEditor                                                                  :        1 samples, Peak.  1.33 ms (1.0x), Avg.  1.33 ms, Total. 1.329 ms (0.0%)
[Performance] Application.LoadMonoAssemblies                                                                                 :        1 samples, Peak.  10.1 s (1.0x), Avg.  10.1 s, Total. 10.07 s (10.9%)
[Performance] RestoreManagedReferences                                                                                       :        2 samples, Peak.  39.6 ms (2.0x), Avg.  19.8 ms, Total. 39.60 ms (0.0%)
[Performance] EditorResources.Load                                                                                           :       18 samples, Peak.  18.8 ms (10.1x), Avg.  1.86 ms, Total. 33.49 ms (0.0%)
[Performance] AssemblyReloadEvents.afterAssemblyReload: UnityEditor.SceneTemplate.SceneTemplateService.AfterAssemblyReload   :        2 samples, Peak.  3.01 ms (1.7x), Avg.  1.73 ms, Total. 3.467 ms (0.0%)
[Performance] ProcessService.EditorAfterLoadAllAssemblies                                                                    :        2 samples, Peak.   261 us (1.1x), Avg.   227 us, Total. 453.5 us (0.0%)
[Performance] Application.ReadLicenseInfo                                                                                    :        1 samples, Peak.  23.1 ms (1.0x), Avg.  23.1 ms, Total. 23.13 ms (0.0%)
[Performance] Application.InitialRefresh                                                                                     :        1 samples, Peak.  1.75 s (1.0x), Avg.  1.75 s, Total. 1.752 s (1.9%)
[Performance] AssetDatabase.InitialRefresh                                                                                   :        1 samples, Peak.  1.75 s (1.0x), Avg.  1.75 s, Total. 1.751 s (1.9%)
[Performance] Compiling Scripts                                                                                              :        1 samples, Peak.   425 ms (1.0x), Avg.   425 ms, Total. 425.3 ms (0.5%)
[Performance] AssemblyReloadEvents.beforeAssemblyReload: UnityEditor.SceneTemplate.SceneTemplateService.BeforeAssemblyReload :        1 samples, Peak.   397 us (1.0x), Avg.   397 us, Total. 396.5 us (0.0%)
[Performance] DidReloadScriptsTestListCache.ScriptReloaded                                                                   :        1 samples, Peak.   611 us (1.0x), Avg.   611 us, Total. 611.3 us (0.0%)
[Performance] DidReloadScriptsTestRunnerWindow.CompilationCallback                                                           :        1 samples, Peak.   414 us (1.0x), Avg.   414 us, Total. 414.4 us (0.0%)
[Performance] DidReloadScriptsCinemachineExtension.OnScriptReload                                                            :        1 samples, Peak.   350 us (1.0x), Avg.   350 us, Total. 350.4 us (0.0%)
[Performance] DidReloadScriptsCinemachineVirtualCameraBase.OnScriptReload                                                    :        1 samples, Peak.  98.3 us (1.0x), Avg.  98.3 us, Total. 98.30 us (0.0%)
[Performance] DidReloadScriptsAdvancedDropdownWindow.OnScriptReload                                                          :        1 samples, Peak.   179 us (1.0x), Avg.   179 us, Total. 178.9 us (0.0%)
[Performance] DidReloadScriptsEditorMenuExtensions.FindAndCloseAllContextMenus                                               :        1 samples, Peak.  1.95 ms (1.0x), Avg.  1.95 ms, Total. 1.948 ms (0.0%)
[Performance] CinemachineSettings.OnPostprocessAllAssets                                                                     :        6 samples, Peak.   244 us (3.4x), Avg.  72.0 us, Total. 431.7 us (0.0%)
[Performance] TerrainToolbarOverlayPostProcessor.OnPostprocessAllAssets                                                      :        6 samples, Peak.   224 us (2.9x), Avg.  76.5 us, Total. 458.9 us (0.0%)
[Performance] SyncVS.PostprocessSyncProject                                                                                  :        3 samples, Peak.  2.46 ms (2.5x), Avg.   975 us, Total. 2.926 ms (0.0%)
[Performance] Application.ImportPackagesAndSetTemplateWhenCreatingProject                                                    :        1 samples, Peak.  11.2 ms (1.0x), Avg.  11.2 ms, Total. 11.18 ms (0.0%)
[Performance] Application.SyncCurrentColorSpace                                                                              :        1 samples, Peak.  32.0 ms (1.0x), Avg.  32.0 ms, Total. 32.01 ms (0.0%)
[Performance] Application.OnUsbDevicesChanged                                                                                :        1 samples, Peak.  2.66 ms (1.0x), Avg.  2.66 ms, Total. 2.663 ms (0.0%)
[Performance] Application.AssetInstanceCacheUpdate                                                                           :        1 samples, Peak.   300 ns (1.0x), Avg.   300 ns, Total. 300.0 ns (0.0%)
[Performance] Application.UnityExtensions.Initialize                                                                         :        1 samples, Peak.  14.2 ms (1.0x), Avg.  14.2 ms, Total. 14.21 ms (0.0%)
[Performance] CodeEditorProjectSync.SyncEditorProject                                                                        :        1 samples, Peak.   111 ms (1.0x), Avg.   111 ms, Total. 110.6 ms (0.1%)
[Performance] Application.ExecuteStartups                                                                                    :        1 samples, Peak.  35.5 ms (1.0x), Avg.  35.5 ms, Total. 35.54 ms (0.0%)
[Performance] Menu.RegisterMenuInterface                                                                                     :       26 samples, Peak.  1.70 us (8.8x), Avg.   192 ns, Total. 5.000 us (0.0%)
[Performance] Gizmo.RebuildRenderers                                                                                         :        2 samples, Peak.  34.9 ms (1.9x), Avg.  18.0 ms, Total. 36.04 ms (0.0%)
[Performance] Gizmo.AddGizmoRenderers                                                                                        :      224 samples, Peak.  1.10 ms (74.4x), Avg.  14.8 us, Total. 3.307 ms (0.0%)
[Performance] Application.editorInitializingProject                                                                          :        1 samples, Peak.   145 ms (1.0x), Avg.   145 ms, Total. 144.8 ms (0.2%)
[Performance] Application.InitializeMenu                                                                                     :        1 samples, Peak.   126 ms (1.0x), Avg.   126 ms, Total. 126.4 ms (0.1%)
[Performance] Menu.RebuildAll                                                                                                :        1 samples, Peak.   126 ms (1.0x), Avg.   126 ms, Total. 126.4 ms (0.1%)
[Performance] Menu.BuildRegisteredMenuInterfaces                                                                             :        1 samples, Peak.  70.7 ms (1.0x), Avg.  70.7 ms, Total. 70.75 ms (0.1%)
[Performance] Menu.FilterMenuItem                                                                                            :      760 samples, Peak.  48.0 ms (756.8x), Avg.  63.4 us, Total. 48.19 ms (0.1%)
[Performance] UpdateAllMenus                                                                                                 :        1 samples, Peak.   628 us (1.0x), Avg.   628 us, Total. 627.9 us (0.0%)
[Performance] Menu.RebuildOSMainMenu                                                                                         :        2 samples, Peak.  3.39 ms (1.1x), Avg.  3.16 ms, Total. 6.311 ms (0.0%)
[Performance] EditorSceneManager.sceneClosing: UnityEditor.SceneVisibilityManager.EditorSceneManagerOnSceneClosing           :        2 samples, Peak.   244 us (1.9x), Avg.   126 us, Total. 251.2 us (0.0%)
[Performance] GUIView.RepaintAll.PlayerLoopController                                                                        :        2 samples, Peak.  2.90 us (1.4x), Avg.  2.00 us, Total. 4.000 us (0.0%)
[Performance] EditorSceneManager.newSceneCreated: UnityEditor.SceneTemplate.SceneTemplateService.OnNewSceneCreated           :        1 samples, Peak.   276 us (1.0x), Avg.   276 us, Total. 276.5 us (0.0%)
[Performance] EditorSceneManager.newSceneCreated: UnityEditor.SceneVisibilityManager.EditorSceneManagerOnNewSceneCreated     :        1 samples, Peak.   325 us (1.0x), Avg.   325 us, Total. 325.1 us (0.0%)
[Performance] EditorSceneManager.newSceneCreated: UnityEditor.SceneManagement.StageNavigationManager.OnNewSceneCreated       :        1 samples, Peak.  62.1 us (1.0x), Avg.  62.1 us, Total. 62.10 us (0.0%)
[Performance] Application.InvokeFinishedLoadingProject                                                                       :        1 samples, Peak.  9.74 ms (1.0x), Avg.  9.74 ms, Total. 9.742 ms (0.0%)
[Performance] ProcessService.OnProjectLoaded                                                                                 :        1 samples, Peak.  57.7 us (1.0x), Avg.  57.7 us, Total. 57.70 us (0.0%)
[Performance] VersionControl.Task.Wait                                                                                       :        1 samples, Peak.  12.2 us (1.0x), Avg.  12.2 us, Total. 12.20 us (0.0%)
[Performance] Inspector.InitOrRebuild                                                                                        :        2 samples, Peak.   371 us (1.9x), Avg.   196 us, Total. 392.8 us (0.0%)
[Performance] AssetModificationProcessor.OnWillSaveAssets                                                                    :        2 samples, Peak.   499 us (2.0x), Avg.   253 us, Total. 505.2 us (0.0%)
[Performance] PaletteAssetModificationProcessor.OnWillSaveAssets                                                             :        2 samples, Peak.  2.14 ms (2.0x), Avg.  1.07 ms, Total. 2.139 ms (0.0%)
[Performance] BuilderAssetModificationProcessor.OnWillSaveAssets                                                             :        2 samples, Peak.   633 us (2.0x), Avg.   317 us, Total. 634.6 us (0.0%)
[Performance] TerrainModificationProcessor.OnWillSaveAssets                                                                  :        2 samples, Peak.   653 us (2.0x), Avg.   327 us, Total. 653.8 us (0.0%)
[Performance] AudioContainerModificationProcessor.OnWillSaveAssets                                                           :        2 samples, Peak.   109 us (2.0x), Avg.  55.0 us, Total. 110.0 us (0.0%)
[Performance] AssetDatabase.ImportAssets                                                                                     :        6 samples, Peak.   106 ms (4.8x), Avg.  21.9 ms, Total. 131.5 ms (0.1%)
[Performance] PresetManagerPostProcessor.OnPreprocessAsset                                                                   :        8 samples, Peak.   457 us (6.1x), Avg.  75.4 us, Total. 603.3 us (0.0%)
[Performance] CancelSplashScreenOnAssetChange.OnPreprocessAsset                                                              :        8 samples, Peak.   111 us (7.3x), Avg.  15.2 us, Total. 121.7 us (0.0%)
[Performance] TMPro_TexturePostProcessor.OnPostprocessAllAssets                                                              :        4 samples, Peak.  1.42 ms (2.0x), Avg.   707 us, Total. 2.827 ms (0.0%)
[Performance] WindowAssetPostprocessingWatcher_Internal.OnPostprocessAllAssets                                               :        4 samples, Peak.  1.66 ms (1.9x), Avg.   868 us, Total. 3.473 ms (0.0%)
[Performance] AssetPostprocessor.OnPostprocessAllAssets                                                                      :        4 samples, Peak.   239 us (2.0x), Avg.   120 us, Total. 480.8 us (0.0%)
[Performance] BuilderAssetPostprocessor.OnPostprocessAllAssets                                                               :        4 samples, Peak.  4.60 ms (2.0x), Avg.  2.30 ms, Total. 9.204 ms (0.0%)
[Performance] ArtifactBrowserPostProcessor.OnPostprocessAllAssets                                                            :        4 samples, Peak.   557 us (2.0x), Avg.   279 us, Total. 1.116 ms (0.0%)
[Performance] AssetEvents.OnPostprocessAllAssets                                                                             :        8 samples, Peak.   185 us (2.7x), Avg.  68.2 us, Total. 545.6 us (0.0%)
[Performance] AudioContainerPostProcessor.OnPostprocessAllAssets                                                             :        4 samples, Peak.   119 us (2.0x), Avg.  60.3 us, Total. 241.1 us (0.0%)
[Performance] AudioMixerPostprocessor.OnPostprocessAllAssets                                                                 :        4 samples, Peak.   283 us (2.0x), Avg.   142 us, Total. 566.6 us (0.0%)
[Performance] StyleCatalogPostProcessor.OnPostprocessAllAssets                                                               :        4 samples, Peak.  10.5 ms (2.0x), Avg.  5.25 ms, Total. 21.00 ms (0.0%)
[Performance] BuildCatalog                                                                                                   :        1 samples, Peak.  9.39 ms (1.0x), Avg.  9.39 ms, Total. 9.387 ms (0.0%)
[Performance] ModelImporterPostProcessor.OnPostprocessAllAssets                                                              :        4 samples, Peak.  1.27 ms (2.0x), Avg.   642 us, Total. 2.569 ms (0.0%)
[Performance] AssetDatabaseProxy.OnPostprocessAllAssets                                                                      :        4 samples, Peak.  24.6 ms (1.9x), Avg.  12.7 ms, Total. 50.60 ms (0.1%)
[Performance] RetainedModeAssetPostprocessor.OnPostprocessAllAssets                                                          :        4 samples, Peak.  2.13 ms (2.0x), Avg.  1.07 ms, Total. 4.287 ms (0.0%)
[Performance] AssetChangedListener.OnPostprocessAllAssets                                                                    :        4 samples, Peak.  1.25 ms (1.9x), Avg.   662 us, Total. 2.649 ms (0.0%)
[Performance] SpeedTreePostProcessor.OnPostprocessAllAssets                                                                  :        4 samples, Peak.   161 us (2.0x), Avg.  80.7 us, Total. 323.0 us (0.0%)
[Performance] TextAssetPostProcessor.OnPostprocessAllAssets                                                                  :        4 samples, Peak.   364 us (1.9x), Avg.   189 us, Total. 756.9 us (0.0%)
[Performance] AssetProcessor.OnPostprocessAllAssets                                                                          :       12 samples, Peak.   529 us (3.3x), Avg.   162 us, Total. 1.949 ms (0.0%)
[Performance] SpriteEditorTexturePostprocessor.OnPostprocessAllAssets                                                        :        4 samples, Peak.   639 us (1.9x), Avg.   331 us, Total. 1.323 ms (0.0%)
[Performance] GenerateAssemblyTypeInfos                                                                                      :        2 samples, Peak.  13.3 ms (1.2x), Avg.  11.4 ms, Total. 22.77 ms (0.0%)
[Performance] AssetDatabase.Refresh                                                                                          :        1 samples, Peak.  7.47 ms (1.0x), Avg.  7.47 ms, Total. 7.467 ms (0.0%)
[Performance] Application.Shutdown.SaveDefaultWindowPreferences                                                              :        1 samples, Peak.  97.7 us (1.0x), Avg.  97.7 us, Total. 97.70 us (0.0%)
[Performance] Application.Shutdown.SaveSceneManagerSetup                                                                     :        1 samples, Peak.   272 us (1.0x), Avg.   272 us, Total. 271.8 us (0.0%)
[Performance] Application.Shutdown.CleanupAllContainerWindows                                                                :        1 samples, Peak.  6.00 us (1.0x), Avg.  6.00 us, Total. 6.000 us (0.0%)
[Performance] EditorApplication.quitting: callback in TMPro.EditorEventCallbacks                                             :        1 samples, Peak.  4.79 ms (1.0x), Avg.  4.79 ms, Total. 4.791 ms (0.0%)
[Performance] EditorApplication.quitting: UnityEditor.Tilemaps.SceneViewGridManager.EditorQuitting                           :        1 samples, Peak.   109 us (1.0x), Avg.   109 us, Total. 109.0 us (0.0%)
[Performance] EditorApplication.quitting: callback in UnityEditor.TextCore.Text.EditorEventCallbacks                         :        1 samples, Peak.  3.02 ms (1.0x), Avg.  3.02 ms, Total. 3.019 ms (0.0%)
[Performance] Killing ADB server                                                                                             :        1 samples, Peak.  54.9 ms (1.0x), Avg.  54.9 ms, Total. 54.93 ms (0.1%)
[Performance] Application.Shutdown.PauseProfilerSession                                                                      :        1 samples, Peak.  29.8 us (1.0x), Avg.  29.8 us, Total. 29.80 us (0.0%)
[Performance] Application.Shutdown.PauseAssetImportWorkers                                                                   :        1 samples, Peak.  83.6 us (1.0x), Avg.  83.6 us, Total. 83.60 us (0.0%)
[Performance] Application.Shutdown.SaveAssets                                                                                :        1 samples, Peak.  62.2 ms (1.0x), Avg.  62.2 ms, Total. 62.17 ms (0.1%)
[Performance] Application.Shutdown.CleanupRenderPipeline                                                                     :        1 samples, Peak.  2.30 us (1.0x), Avg.  2.30 us, Total. 2.300 us (0.0%)
[Performance] Application.Shutdown.StopPreloadManager                                                                        :        1 samples, Peak.  9.88 ms (1.0x), Avg.  9.88 ms, Total. 9.876 ms (0.0%)
[Performance] Application.Shutdown.DestroyWorld                                                                              :        1 samples, Peak.   312 us (1.0x), Avg.   312 us, Total. 312.4 us (0.0%)
[Performance] Application.Shutdown.CleanupAfterLoad                                                                          :        1 samples, Peak.  4.25 ms (1.0x), Avg.  4.25 ms, Total. 4.254 ms (0.0%)
[Performance] Application.Shutdown.Progress                                                                                  :        1 samples, Peak.  6.70 us (1.0x), Avg.  6.70 us, Total. 6.700 us (0.0%)
[Performance] Application.Shutdown.GICleanupManagers                                                                         :        1 samples, Peak.   748 us (1.0x), Avg.   748 us, Total. 748.2 us (0.0%)
[Performance] Application.Shutdown.MenuCleanupClass                                                                          :        1 samples, Peak.   127 us (1.0x), Avg.   127 us, Total. 127.2 us (0.0%)
[Performance] Application.Shutdown.ADBSaveStateBeforeShutdown                                                                :        1 samples, Peak.  6.80 us (1.0x), Avg.  6.80 us, Total. 6.800 us (0.0%)
[Performance] Application.Shutdown.RemoteShutdown                                                                            :        1 samples, Peak.   700 ns (1.0x), Avg.   700 ns, Total. 700.0 ns (0.0%)
[Performance] Application.Shutdown.CleanupVCProvider                                                                         :        1 samples, Peak.  7.40 us (1.0x), Avg.  7.40 us, Total. 7.400 us (0.0%)
[Performance] Application.Shutdown.InputShutdown                                                                             :        1 samples, Peak.   300 ns (1.0x), Avg.   300 ns, Total. 300.0 ns (0.0%)
[Performance] Application.Shutdown.GizmoManagerDestroy                                                                       :        1 samples, Peak.   722 us (1.0x), Avg.   722 us, Total. 722.4 us (0.0%)
[Performance] Application.Shutdown.ProfilerSession                                                                           :        1 samples, Peak.   153 us (1.0x), Avg.   153 us, Total. 153.0 us (0.0%)
[Performance] Application.Shutdown.ReleaseGfxWindowOnAllGUIViews                                                             :        1 samples, Peak.   300 ns (1.0x), Avg.   300 ns, Total. 300.0 ns (0.0%)
[Performance] Application.Shutdown.CleanupEngine                                                                             :        1 samples, Peak.  71.4 ms (1.0x), Avg.  71.4 ms, Total. 71.43 ms (0.1%)
[Performance] Application.Shutdown.CleanupAssetDatabase                                                                      :        1 samples, Peak.  8.38 ms (1.0x), Avg.  8.38 ms, Total. 8.382 ms (0.0%)
[Performance] Application.Shutdown.ScriptCompilationCleanUp                                                                  :        1 samples, Peak.  12.3 ms (1.0x), Avg.  12.3 ms, Total. 12.26 ms (0.0%)
[Performance] Application.Shutdown.DestroyJobSystem                                                                          :        1 samples, Peak.   168 us (1.0x), Avg.   168 us, Total. 167.9 us (0.0%)
[Performance] Application.Shutdown.CleanupPersistentManager                                                                  :        1 samples, Peak.   830 us (1.0x), Avg.   830 us, Total. 830.3 us (0.0%)
[Performance] Application.Shutdown.CleanupAsyncReadManager                                                                   :        1 samples, Peak.   434 us (1.0x), Avg.   434 us, Total. 433.9 us (0.0%)
[Performance] Application.Shutdown.CleanupProgressBar                                                                        :        1 samples, Peak.   500 ns (1.0x), Avg.   500 ns, Total. 500.0 ns (0.0%)
[Performance] Application.Shutdown.CleanupMono                                                                               :        1 samples, Peak.  60.2 ms (1.0x), Avg.  60.2 ms, Total. 60.19 ms (0.1%)
[Performance] Application.Shutdown.CleanupStdConverters                                                                      :        1 samples, Peak.  6.50 us (1.0x), Avg.  6.50 us, Total. 6.500 us (0.0%)
[Performance] Application.Shutdown.UnloadAllPlatformSupportModuleNativeDlls                                                  :        1 samples, Peak.   700 ns (1.0x), Avg.   700 ns, Total. 700.0 ns (0.0%)
[Performance] Application.Shutdown.UnloadAllPlatformSupportNativeLibraries                                                   :        1 samples, Peak.   100 ns (1.0x), Avg.   100 ns, Total. 100.0 ns (0.0%)
[Performance] Application.Shutdown.CleanupAutoDocumentation                                                                  :        1 samples, Peak.   286 us (1.0x), Avg.   286 us, Total. 285.5 us (0.0%)
[Performance] Application.Shutdown.ShaderNameManagerDestroy                                                                  :        1 samples, Peak.  31.5 us (1.0x), Avg.  31.5 us, Total. 31.50 us (0.0%)
[Performance] Application.Shutdown.CleanupCacheServer                                                                        :        1 samples, Peak.   200 ns (1.0x), Avg.   200 ns, Total. 200.0 ns (0.0%)
[Performance] Application.Shutdown.Virtualization_Shutdown                                                                   :        1 samples, Peak.   300 ns (1.0x), Avg.   300 ns, Total. 300.0 ns (0.0%)
[Performance] Application.Shutdown.DevConnections                                                                            :        1 samples, Peak.   104 us (1.0x), Avg.   104 us, Total. 103.9 us (0.0%)
Thread: ID 9792, CleanupSafetyData: safetyData 900b4f80
Thread: ID 9792, CleanupSafetyData: safetyData 90007830
Thread: ID 9792, CleanupSafetyData: safetyData 90e0a390
Thread: ID 9792, CleanupSafetyData: safetyData 91118ce0
Thread: ID 9792, CleanupSafetyData: safetyData 912190d0
Checking for leaked weakptr:
  Found no leaked weakptrs.
[Package Manager] Server process was shutdown
Memory Statistics:
[ALLOC_TEMP_TLS] TLS Allocator
  StackAllocators : 
    [ALLOC_TEMP_CurlRequest]
      Initial Block Size 64.0 KB
      Current Block Size 64.0 KB
      Peak Allocated Bytes 0 B
      Overflow Count 0
    [ALLOC_TEMP_MAIN]
      Initial Block Size 16.0 MB
      Current Block Size 32.0 MB
      Peak Allocated Bytes 32.0 MB
      Overflow Count 0
    [ALLOC_TEMP_Background Job.worker 4]
      Initial Block Size 32.0 KB
      Current Block Size 32.0 KB
      Peak Allocated Bytes 48 B
      Overflow Count 0
    [ALLOC_TEMP_Loading.PreloadManager]
      Initial Block Size 32.0 MB
      Current Block Size 32.0 MB
      Peak Allocated Bytes 2.0 MB
      Overflow Count 0
    [ALLOC_TEMP_Background Job.worker 3]
      Initial Block Size 32.0 KB
      Current Block Size 32.0 KB
      Peak Allocated Bytes 48 B
      Overflow Count 0
    [ALLOC_TEMP_Background Job.worker 11]
      Initial Block Size 32.0 KB
      Current Block Size 32.0 KB
      Peak Allocated Bytes 50 B
      Overflow Count 0
    [ALLOC_TEMP_Background Job.worker 7]
      Initial Block Size 32.0 KB
      Current Block Size 32.0 KB
      Peak Allocated Bytes 48 B
      Overflow Count 0
    [ALLOC_TEMP_EditorTaskManager]
      Initial Block Size 64.0 KB
      Current Block Size 68.0 KB
      Peak Allocated Bytes 64.0 KB
      Overflow Count 0
    [ALLOC_TEMP_Background Job.worker 6]
      Initial Block Size 32.0 KB
      Current Block Size 32.0 KB
      Peak Allocated Bytes 48 B
      Overflow Count 0
    [ALLOC_TEMP_CloudJob.worker 0]
      Initial Block Size 32.0 KB
      Current Block Size 96.0 KB
      Peak Allocated Bytes 67.1 KB
      Overflow Count 0
    [ALLOC_TEMP_AUDIO_FMOD (WASAPI) feeder thread]
      Initial Block Size 64.0 KB
      Current Block Size 64.0 KB
      Peak Allocated Bytes 58 B
      Overflow Count 0
    [ALLOC_TEMP_Profiler.Dispatcher]
      Initial Block Size 64.0 KB
      Current Block Size 64.0 KB
      Peak Allocated Bytes 0 B
      Overflow Count 0
    [ALLOC_TEMP_Background Job.worker 12]
      Initial Block Size 32.0 KB
      Current Block Size 32.0 KB
      Peak Allocated Bytes 50 B
      Overflow Count 0
    [ALLOC_TEMP_Background Job.worker 2]
      Initial Block Size 32.0 KB
      Current Block Size 32.0 KB
      Peak Allocated Bytes 1.6 KB
      Overflow Count 0
    [ALLOC_TEMP_Background Job.worker 10]
      Initial Block Size 32.0 KB
      Current Block Size 32.0 KB
      Peak Allocated Bytes 50 B
      Overflow Count 0
    [ALLOC_TEMP_Background Job.worker 15]
      Initial Block Size 32.0 KB
      Current Block Size 32.0 KB
      Peak Allocated Bytes 50 B
      Overflow Count 0
    [ALLOC_TEMP_Job.worker 5]
      Initial Block Size 256.0 KB
      Current Block Size 256.0 KB
      Peak Allocated Bytes 1.1 KB
      Overflow Count 0
    [ALLOC_TEMP_AUDIO_FMOD mixer thread]
      Initial Block Size 64.0 KB
      Current Block Size 64.0 KB
      Peak Allocated Bytes 38 B
      Overflow Count 0
    [ALLOC_TEMP_Background Job.worker 8]
      Initial Block Size 32.0 KB
      Current Block Size 32.0 KB
      Peak Allocated Bytes 48 B
      Overflow Count 0
    [ALLOC_TEMP_Background Job.worker 13]
      Initial Block Size 32.0 KB
      Current Block Size 32.0 KB
      Peak Allocated Bytes 50 B
      Overflow Count 0
    [ALLOC_TEMP_BakingJobs.worker 0]
      Initial Block Size 256.0 KB
      Current Block Size 256.0 KB
      Peak Allocated Bytes 40 B
      Overflow Count 0
    [ALLOC_TEMP_AssetGarbageCollectorHelper] x 15
      Initial Block Size 64.0 KB
      Current Block Size 64.0 KB
      Peak Allocated Bytes 0 B
      Overflow Count 0
    [ALLOC_TEMP_BakingJobs.worker 9]
      Initial Block Size 256.0 KB
      Current Block Size 256.0 KB
      Peak Allocated Bytes 40 B
      Overflow Count 0
    [ALLOC_TEMP_BakingJobs.worker 6]
      Initial Block Size 256.0 KB
      Current Block Size 256.0 KB
      Peak Allocated Bytes 40 B
      Overflow Count 0
    [ALLOC_TEMP_BakingJobs.worker 7]
      Initial Block Size 256.0 KB
      Current Block Size 256.0 KB
      Peak Allocated Bytes 40 B
      Overflow Count 0
    [ALLOC_TEMP_BakingJobs.worker 4]
      Initial Block Size 256.0 KB
      Current Block Size 256.0 KB
      Peak Allocated Bytes 40 B
      Overflow Count 0
    [ALLOC_TEMP_Background Job.worker 0]
      Initial Block Size 32.0 KB
      Current Block Size 32.0 KB
      Peak Allocated Bytes 48 B
      Overflow Count 0
    [ALLOC_TEMP_Job.worker 6]
      Initial Block Size 256.0 KB
      Current Block Size 256.0 KB
      Peak Allocated Bytes 1.3 KB
      Overflow Count 0
    [ALLOC_TEMP_Job.worker 8]
      Initial Block Size 256.0 KB
      Current Block Size 1.1 MB
      Peak Allocated Bytes 1.1 MB
      Overflow Count 1
    [ALLOC_TEMP_Background Job.worker 14]
      Initial Block Size 32.0 KB
      Current Block Size 32.0 KB
      Peak Allocated Bytes 50 B
      Overflow Count 0
    [ALLOC_TEMP_BakingJobs.worker 1]
      Initial Block Size 256.0 KB
      Current Block Size 256.0 KB
      Peak Allocated Bytes 40 B
      Overflow Count 0
    [ALLOC_TEMP_BatchDeleteObjects]
      Initial Block Size 64.0 KB
      Current Block Size 64.0 KB
      Peak Allocated Bytes 38 B
      Overflow Count 0
    [ALLOC_TEMP_BakingJobs.worker 5]
      Initial Block Size 256.0 KB
      Current Block Size 256.0 KB
      Peak Allocated Bytes 40 B
      Overflow Count 0
    [ALLOC_TEMP_AUDIO_FMOD stream thread]
      Initial Block Size 64.0 KB
      Current Block Size 64.0 KB
      Peak Allocated Bytes 40 B
      Overflow Count 0
    [ALLOC_TEMP_CoreBusinessMetricsCache]
      Initial Block Size 64.0 KB
      Current Block Size 64.0 KB
      Peak Allocated Bytes 7.5 KB
      Overflow Count 0
    [ALLOC_TEMP_Job.worker 11]
      Initial Block Size 256.0 KB
      Current Block Size 1.1 MB
      Peak Allocated Bytes 1.1 MB
      Overflow Count 0
    [ALLOC_TEMP_Background Job.worker 9]
      Initial Block Size 32.0 KB
      Current Block Size 32.0 KB
      Peak Allocated Bytes 48 B
      Overflow Count 0
    [ALLOC_TEMP_Job.worker 0]
      Initial Block Size 256.0 KB
      Current Block Size 256.0 KB
      Peak Allocated Bytes 1.2 KB
      Overflow Count 1
    [ALLOC_TEMP_Job.worker 4]
      Initial Block Size 256.0 KB
      Current Block Size 1.0 MB
      Peak Allocated Bytes 1.0 MB
      Overflow Count 1
    [ALLOC_TEMP_Job.worker 14]
      Initial Block Size 256.0 KB
      Current Block Size 256.0 KB
      Peak Allocated Bytes 1.1 KB
      Overflow Count 1
    [ALLOC_TEMP_Job.worker 13]
      Initial Block Size 256.0 KB
      Current Block Size 256.0 KB
      Peak Allocated Bytes 1.1 KB
      Overflow Count 0
    [ALLOC_TEMP_Background Job.worker 1]
      Initial Block Size 32.0 KB
      Current Block Size 256.0 KB
      Peak Allocated Bytes 204.6 KB
      Overflow Count 1022
    [ALLOC_TEMP_EnlightenWorker] x 4
      Initial Block Size 64.0 KB
      Current Block Size 64.0 KB
      Peak Allocated Bytes 0 B
      Overflow Count 0
    [ALLOC_TEMP_Job.worker 1]
      Initial Block Size 256.0 KB
      Current Block Size 1.1 MB
      Peak Allocated Bytes 1.1 MB
      Overflow Count 0
    [ALLOC_TEMP_AssetDatabase.IOService]
      Initial Block Size 64.0 KB
      Current Block Size 64.0 KB
      Peak Allocated Bytes 48 B
      Overflow Count 0
    [ALLOC_TEMP_BakingJobs.worker 3]
      Initial Block Size 256.0 KB
      Current Block Size 256.0 KB
      Peak Allocated Bytes 40 B
      Overflow Count 0
    [ALLOC_TEMP_Background Job.worker 5]
      Initial Block Size 32.0 KB
      Current Block Size 32.0 KB
      Peak Allocated Bytes 48 B
      Overflow Count 0
    [ALLOC_TEMP_DirMonitor]
      Initial Block Size 64.0 KB
      Current Block Size 64.0 KB
      Peak Allocated Bytes 0.7 KB
      Overflow Count 0
    [ALLOC_TEMP_Job.worker 12]
      Initial Block Size 256.0 KB
      Current Block Size 1.1 MB
      Peak Allocated Bytes 1.1 MB
      Overflow Count 0
    [ALLOC_TEMP_Job.worker 3]
      Initial Block Size 256.0 KB
      Current Block Size 1.1 MB
      Peak Allocated Bytes 1.1 MB
      Overflow Count 0
    [ALLOC_TEMP_BakingJobs.worker 2]
      Initial Block Size 256.0 KB
      Current Block Size 256.0 KB
      Peak Allocated Bytes 40 B
      Overflow Count 0
    [ALLOC_TEMP_Job.worker 2]
      Initial Block Size 256.0 KB
      Current Block Size 1.0 MB
      Peak Allocated Bytes 1.0 MB
      Overflow Count 1
    [ALLOC_TEMP_Job.worker 10]
      Initial Block Size 256.0 KB
      Current Block Size 256.0 KB
      Peak Allocated Bytes 1.2 KB
      Overflow Count 0
    [ALLOC_TEMP_Job.worker 7]
      Initial Block Size 256.0 KB
      Current Block Size 1.1 MB
      Peak Allocated Bytes 1.1 MB
      Overflow Count 1
    [ALLOC_TEMP_Job.worker 9]
      Initial Block Size 256.0 KB
      Current Block Size 1.1 MB
      Peak Allocated Bytes 1.1 MB
      Overflow Count 1
    [ALLOC_TEMP_BakingJobs.worker 8]
      Initial Block Size 256.0 KB
      Current Block Size 256.0 KB
      Peak Allocated Bytes 40 B
      Overflow Count 0
    [ALLOC_TEMP_Loading.AsyncRead]
      Initial Block Size 64.0 KB
      Current Block Size 64.0 KB
      Peak Allocated Bytes 128 B
      Overflow Count 0
[ALLOC_MEMORYPROFILER]
  Requested Block Size 1.0 MB
  Peak Block count 1
  Peak Allocated memory 305.1 KB
  Peak Large allocation bytes 0 B
[ALLOC_DEFAULT] Dual Thread Allocator
  Peak main deferred allocation count 3818
    [ALLOC_BUCKET]
      Large Block size 32.0 MB
      Used Block count 1
      Peak Allocated bytes 10.6 MB
    [ALLOC_DEFAULT_MAIN]
      Requested Block Size 16.0 MB
      Peak Block count 6
      Peak Allocated memory 79.5 MB
      Peak Large allocation bytes 0 B
    [ALLOC_DEFAULT_THREAD]
      Requested Block Size 16.0 MB
      Peak Block count 1
      Peak Allocated memory 8.4 MB
      Peak Large allocation bytes 0 B
[ALLOC_TEMP_JOB_1_FRAME]
  Initial Block Size 2.0 MB
  Used Block Count 0
  Overflow Count (too large) 0
  Overflow Count (full) 0
[ALLOC_TEMP_JOB_2_FRAMES]
  Initial Block Size 2.0 MB
  Used Block Count 0
  Overflow Count (too large) 0
  Overflow Count (full) 0
[ALLOC_TEMP_JOB_4_FRAMES (JobTemp)]
  Initial Block Size 2.0 MB
  Used Block Count 1
  Overflow Count (too large) 0
  Overflow Count (full) 0
[ALLOC_TEMP_JOB_ASYNC (Background)]
  Initial Block Size 1.0 MB
  Used Block Count 1
  Overflow Count (too large) 0
  Overflow Count (full) 0
[ALLOC_GFX] Dual Thread Allocator
  Peak main deferred allocation count 9
    [ALLOC_BUCKET]
      Large Block size 32.0 MB
      Used Block count 1
      Peak Allocated bytes 10.6 MB
    [ALLOC_GFX_MAIN]
      Requested Block Size 16.0 MB
      Peak Block count 1
      Peak Allocated memory 34.3 MB
      Peak Large allocation bytes 21.3 MB
    [ALLOC_GFX_THREAD]
      Requested Block Size 16.0 MB
      Peak Block count 0
      Peak Allocated memory 0 B
      Peak Large allocation bytes 0 B
[ALLOC_CACHEOBJECTS] Dual Thread Allocator
  Peak main deferred allocation count 189
    [ALLOC_BUCKET]
      Large Block size 32.0 MB
      Used Block count 1
      Peak Allocated bytes 10.6 MB
    [ALLOC_CACHEOBJECTS_MAIN]
      Requested Block Size 4.0 MB
      Peak Block count 8
      Peak Allocated memory 43.2 MB
      Peak Large allocation bytes 14.6 MB
    [ALLOC_CACHEOBJECTS_THREAD]
      Requested Block Size 4.0 MB
      Peak Block count 1
      Peak Allocated memory 32.7 KB
      Peak Large allocation bytes 0 B
[ALLOC_TYPETREE] Dual Thread Allocator
  Peak main deferred allocation count 807
    [ALLOC_BUCKET]
      Large Block size 32.0 MB
      Used Block count 1
      Peak Allocated bytes 10.6 MB
    [ALLOC_TYPETREE_MAIN]
      Requested Block Size 2.0 MB
      Peak Block count 2
      Peak Allocated memory 2.9 MB
      Peak Large allocation bytes 0 B
    [ALLOC_TYPETREE_THREAD]
      Requested Block Size 2.0 MB
      Peak Block count 1
      Peak Allocated memory 22.8 KB
      Peak Large allocation bytes 0 B
[ALLOC_PROFILER]
  Requested Block Size 16.0 MB
  Peak Block count 1
  Peak Allocated memory 460.3 KB
  Peak Large allocation bytes 0 B
    [ALLOC_PROFILER_BUCKET]
      Large Block size 32.0 MB
      Used Block count 1
      Peak Allocated bytes 4.0 KB
[ALLOC_PROFILER_EDITOR]
  Requested Block Size 1.0 MB
  Peak Block count 0
  Peak Allocated memory 0 B
  Peak Large allocation bytes 0 B
    [ALLOC_PROFILER_BUCKET]
      Large Block size 32.0 MB
      Used Block count 1
      Peak Allocated bytes 4.0 KB
##utp:{"type":"MemoryLeaks","version":2,"phase":"Immediate","time":1779806107920,"processId":27936,"allocatedMemory":12281649,"memoryLabels":[{"Default":19149},{"Permanent":15292},{"NewDelete":76904},{"Thread":4230344},{"Manager":30290},{"VertexData":8},{"Geometry":816},{"Texture":160},{"Shader":77819},{"Material":24},{"GfxDevice":55384},{"Animation":328},{"Audio":4040},{"FontEngine":224},{"Physics":369},{"Serialization":968},{"Input":14816},{"JobScheduler":33024},{"Mono":32},{"ScriptingNativeRuntime":155060},{"BaseObject":1619920},{"Resource":1304},{"Renderer":2360},{"Transform":4646},{"File":3901},{"WebCam":80},{"Culling":32},{"Terrain":953},{"Wind":24},{"STL":40},{"String":15212},{"DynamicArray":106270},{"HashMap":84990},{"Utility":2664142},{"Curl":1448},{"PoolAlloc":1768},{"AI":104},{"TypeTree":4493},{"ScriptManager":512},{"RuntimeInitializeOnLoadManager":64},{"SpriteAtlas":112},{"GI":7888},{"Director":8240},{"CloudService":7264},{"WebRequest":25417},{"VR":45953},{"SceneManager":496},{"Video":64},{"LazyScriptCache":32},{"NativeArray":8},{"Camera":17},{"Secure":1},{"SerializationCache":1576},{"APIUpdating":10320},{"Subsystems":336},{"VirtualTexturing":57888},{"StaticSafetyDebugInfo":278528},{"Analytics":544},{"Hierarchy":16},{"Gui":80},{"EditorUtility":47069},{"VersionControl":4},{"Undo":624},{"AssetDatabase":2506535},{"EditorGi":328},{"UnityConnect":24848},{"Collab":545},{"Upm":1728},{"DrivenProperties":72},{"LocalIPC":260},{"ProfilerEditor":9738},{"CoreBusinessMetrics":14084},{"Licensing":3656},{"AssetReference":32},{"IPCStream":32}]}
~StackAllocator(ALLOC_TEMP_MAIN) m_LastAlloc not NULL. Did you forget to call FreeAllStackAllocations()? To get more information, run app with -diag-temp-memory-leak-validation cmd line argument
